name,twitter,title,href
Henry J. Aaron,,The Bruce and Virginia MacLaury Chair;Senior Fellow - Economic Studies,https://www.brookings.edu/experts/henry-j-aaron/
Stephanie Aaronson,,Vice President and Director - Economic Studies;Senior Fellow - Economic Studies,https://www.brookings.edu/experts/stephanie-aaronson/
Geneive Abdo,,Visiting Fellow - Brookings Doha Center,https://www.brookings.edu/experts/geneive-abdo/
Noha Aboueldahab,NohaAboueldahab,"Fellow - Foreign Policy, Brookings Doha Center",https://www.brookings.edu/experts/noha-aboueldahab/
Yasmina Abouzzohour,YAbouzzohour,Visiting Fellow - Brookings Doha Center,https://www.brookings.edu/experts/yasmina-abouzzohour/
Madiha Afzal,MadihaAfzal,"David M. Rubenstein Fellow - Foreign Policy, Center for 21st Century Security and Intelligence, Center for Middle East Policy",https://www.brookings.edu/experts/madiha-afzal/
Ajai Nirula,,Former Brookings Expert,https://www.brookings.edu/experts/ajai-nirula/
Ufuk Akcigit,ufukakcigit,Nonresident Senior Fellow - Global Economy and Development,https://www.brookings.edu/experts/ufuk-akcigit/
Randall Akee,indigenalysis,"Nonresident Fellow - Economic Studies, Center on Children and Families, Future of the Middle Class Initiative",https://www.brookings.edu/experts/randall-akee/
Ranj Alaaldin,RanjAlaaldin,Visiting Fellow - Brookings Doha Center,https://www.brookings.edu/experts/ranj-alaaldin/
Laura Alfaro,,Nonresident Senior Fellow - Global Economy and Development,https://www.brookings.edu/experts/laura-alfaro/
Scott W. Allard,,Nonresident Senior Fellow - Metropolitan Policy Program,https://www.brookings.edu/experts/scott-w-allard/
John R. Allen,,"President, The Brookings Institution",https://www.brookings.edu/experts/john-r-allen/
Asaad Alsaleh,,Former Brookings Expert,https://www.brookings.edu/experts/asaad-alsaleh/
Hady Amr,HadyAmr,"Nonresident Senior Fellow - Foreign Policy, Center for Middle East Policy",https://www.brookings.edu/experts/hady-amr/
Scott R. Anderson,S_R_Anders,Visiting Fellow - Governance Studies;Senior Editor - Lawfare,https://www.brookings.edu/experts/scott-r-anderson/
William J. Antholis,wjantholis,Nonresident Fellow - Governance Studies,https://www.brookings.edu/experts/william-j-antholis/
Tamar Manuelyan Atinc,Tamar_Istanbul,"Nonresident Senior Fellow - Global Economy and Development, Center for Universal Education",https://www.brookings.edu/experts/tamar-manuelyan-atinc/
John C. Austin,John_C_Austin,Nonresident Senior Fellow - Metropolitan Policy Program,https://www.brookings.edu/experts/john-c-austin/
Jeffrey A. Bader,,"Senior Fellow - Foreign Policy, John L. Thornton China Center",https://www.brookings.edu/experts/jeffrey-a-bader/
Bill Baer,billbaer50,Visiting Fellow - Governance Studies,https://www.brookings.edu/experts/bill-baer/
Pavel K. Baev,,"Nonresident Senior Fellow - Foreign Policy, Center on the United States and Europe",https://www.brookings.edu/experts/pavel-k-baev/
Dany Bahar,dany_bahar,Senior Fellow - Global Economy and Development,https://www.brookings.edu/experts/dany-bahar/
Martin Neil Baily,,"Bernard L. Schwartz Chair in Economic Policy Development;Senior Fellow - Economic Studies, Center on Regulation and Markets",https://www.brookings.edu/experts/martin-neil-baily/
David Baker,dpb4psu,"Nonresident Fellow - Global Economy and Development, Center for Universal Education",https://www.brookings.edu/experts/david-baker/
Jeffrey Ball,jeff_ball,"Nonresident Senior Fellow - Foreign Policy, Energy Security and Climate Initiative",https://www.brookings.edu/experts/jeffrey-ball/
Jeremy Barofsky,,Non-resident Fellow - Governance Studies,https://www.brookings.edu/experts/jeremy-barofsky/
Thomas C. Barrett,,Nonresident Senior Fellow - Global Economy and Development,https://www.brookings.edu/experts/thomas-c-barrett/
Carlo Bastasin,CarloBastasin,"Nonresident Senior Fellow - Foreign Policy, Center on the United States and Europe",https://www.brookings.edu/experts/carlo-bastasin/
Kaushik Basu,Twitter,Nonresident Senior Fellow - Global Economy and Development,https://www.brookings.edu/experts/kaushik-basu/
Lauren Bauer,laurenlbauer,"Fellow - Economic Studies, The Hamilton Project",https://www.brookings.edu/experts/lauren-bauer/
Célia Belin,celiabelin,"Visiting Fellow - Foreign Policy, Center on the United States and Europe",https://www.brookings.edu/experts/celia-belin/
Daniel Benjamin,,"Nonresident Senior Fellow - Foreign Policy, Center for 21st Century Security and Intelligence, The Intelligence Project",https://www.brookings.edu/experts/daniel-benjamin/
Ben S. Bernanke,BenBernanke,Distinguished Fellow in Residence - Economic Studies,https://www.brookings.edu/experts/ben-s-bernanke/
Alan Berube,berubea1,Senior Fellow and Deputy Director - Metropolitan Policy Program,https://www.brookings.edu/experts/alan-berube/
Amar Bhattacharya,,Senior Fellow - Global Economy and Development,https://www.brookings.edu/experts/amar-bhattacharya/
Haroon Bhorat,HaroonBhorat,"Nonresident Senior Fellow - Global Economy and Development, Africa Growth Initiative",https://www.brookings.edu/experts/haroon-bhorat/
Sarah A. Binder,BinderSAB,Senior Fellow - Governance Studies,https://www.brookings.edu/experts/sarah-a-binder/
Sandra E. Black,Econ_Sandy,Nonresident Senior Fellow - Economic Studies,https://www.brookings.edu/experts/sandra-e-black/
Tawanna Black,TawannaABlack,Nonresident Senior Fellow - Metropolitan Policy Program,https://www.brookings.edu/experts/tawanna-black/
Alan Blinder,,Visiting Fellow - Economic Studies,https://www.brookings.edu/experts/alan-blinder/
Barry P. Bosworth,,Senior Fellow - Economic Studies,https://www.brookings.edu/experts/barry-p-bosworth/
Leah Boustan,leah_boustan,Nonresident Senior Fellow - Global Economy and Development,https://www.brookings.edu/experts/leah-boustan/
Colin I. Bradford,,Nonresident Senior Fellow - Global Economy and Development,https://www.brookings.edu/experts/colin-i-bradford/
Xavier de Souza Briggs,xavbriggs,Nonresident Senior Fellow - Metropolitan Policy Program,https://www.brookings.edu/experts/xavier-de-souza-briggs/
Kristen Broady,,Policy Director - The Hamilton Project;Fellow - Economic Studies,https://www.brookings.edu/experts/kristen-broady/
Ralph C. Bryant,,"Senior Fellow - Economic Studies, Global Economy and Development",https://www.brookings.edu/experts/ralph-c-bryant/
William Burke-White,wburkewh,"Visiting Fellow - Foreign Policy, Center for 21st Century Security and Intelligence",https://www.brookings.edu/experts/william-burke-white/
Gary Burtless,gburtless,"Senior Fellow - Economic Studies, Future of the Middle Class Initiative",https://www.brookings.edu/experts/gary-burtless/
Camille Busette,CamilleBusette,"Senior Fellow - Economic Studies, Governance Studies, Metropolitan Policy Program;Director - Race, Prosperity, and Inclusion Initiative",https://www.brookings.edu/experts/camille-busette/
Richard C. Bush,richardbushiii,"Nonresident Senior Fellow - Foreign Policy, Center for East Asia Policy Studies, John L. Thornton China Center",https://www.brookings.edu/experts/richard-c-bush/
Stuart M. Butler,stuartmbutler,Senior Fellow - Economic Studies,https://www.brookings.edu/experts/stuart-m-butler/
Daniel L. Byman,dbyman,"Senior Fellow - Foreign Policy, Center for Middle East Policy",https://www.brookings.edu/experts/daniel-l-byman/
Charles T. Call,call4pax,"Nonresident Senior Fellow - Foreign Policy, Latin America Initiative",https://www.brookings.edu/experts/charles-t-call/
Otaviano Canuto,ocanuto,Nonresident Senior Fellow - Global Economy and Development,https://www.brookings.edu/experts/otaviano-canuto/
Marcus Casey,MarcDCase,Nonresident Fellow - Economic Studies,https://www.brookings.edu/experts/marcus-casey/
Stephanie Riegg Cellini,srcellini,"Nonresident Senior Fellow - Governance Studies, Brown Center on Education Policy",https://www.brookings.edu/experts/stephanie-riegg-cellini/
Anqi Chen,,Center for Retirement Research at Boston College,https://www.brookings.edu/experts/anqi-chen/
Judy Chevalier,,Nonresident Senior Fellow - Economic Studies,https://www.brookings.edu/experts/judy-chevalier/
Tarun Chhabra,Twitter,"Nonresident Fellow - Foreign Policy, Center for 21st Century Security and Intelligence, Project on International Order and Strategy",https://www.brookings.edu/experts/tarun-chhabra-2/
Thomas J. Christensen,,"Nonresident Senior Fellow - Foreign Policy, John L. Thornton China Center",https://www.brookings.edu/experts/thomas-j-christensen/
Greg Clark,,Nonresident Senior Fellow - Metropolitan Policy Program,https://www.brookings.edu/experts/greg-clark/
Eyal Tsir Cohen,,"Visiting Fellow - Foreign Policy, Center for Middle East Policy",https://www.brookings.edu/experts/eyal-tsir-cohen/
Matthew Collin,aidthoughts,David M. Rubenstein Fellow - Global Economy and Development,https://www.brookings.edu/experts/matthew-collin/
Susan M. Collins,,Nonresident Senior Fellow - Economic Studies,https://www.brookings.edu/experts/susan-m-collins/
Peter Conti-Brown,PeterContiBrown,Nonresident Fellow - Economic Studies,https://www.brookings.edu/experts/peter-conti-brown/
Larry Cooley,,"Nonresident Senior Fellow - Global Economy and Development, Center for Universal Education",https://www.brookings.edu/experts/larry-cooley/
Brahima Sangafowa Coulibaly,BSangafowaCoul,Vice President and Director - Global Economy and Development;Senior Fellow - Global Economy and Development,https://www.brookings.edu/experts/brahima-coulibaly/
Kimberlé W. Crenshaw,sandylocks,Nonresident Senior Fellow - Metropolitan Policy Program,https://www.brookings.edu/experts/kimberle-w-crenshaw/
Derek Cummings,,"Nonresident Fellow - Economic Studies, Center on Social Dynamics and Policy",https://www.brookings.edu/experts/derek-cummings/
Galip Dalay,GalipDalay,"Nonresident Fellow - Brookings Doha Center;Richard von Weizsäcker Fellow, Robert Bosch Academy",https://www.brookings.edu/experts/galip-dalay/
Kemal Derviş,Kemal_Dervis,Senior Fellow - Global Economy and Development,https://www.brookings.edu/experts/kemal-dervis/
Raj M. Desai,,Nonresident Senior Fellow - Global Economy and Development,https://www.brookings.edu/experts/raj-m-desai/
Kevin C. Desouza,KevDesouza,"Nonresident Senior Fellow - Governance Studies, Center for Technology Innovation",https://www.brookings.edu/experts/kevin-c-desouza/
John J. DiIulio,,Nonresident Senior Fellow - Governance Studies,https://www.brookings.edu/experts/john-j-diiulio/
David Dollar,davidrdollar,"Senior Fellow - Foreign Policy, Global Economy and Development, John L. Thornton China Center",https://www.brookings.edu/experts/david-dollar/
Ryan Donahue,,Nonresident Fellow - Metropolitan Policy Program,https://www.brookings.edu/experts/ryan-donahue/
Rush Doshi,rushdoshi,"Director, China Strategy Initiative;Fellow - Foreign Policy, Center for East Asia Policy Studies, John L. Thornton China Center, Project on International Order and Strategy",https://www.brookings.edu/experts/rush-doshi/
David Dreier,,Distinguished Fellow,https://www.brookings.edu/experts/david-dreier/
Daniel W. Drezner,dandrezner,"Nonresident Senior Fellow - Foreign Policy, Project on International Order and Strategy",https://www.brookings.edu/experts/daniel-w-drezner/
William Drozdiak,Wdrozdiak,"Nonresident Senior Fellow - Foreign Policy, Center on the United States and Europe",https://www.brookings.edu/experts/william-drozdiak/
Oeindrila Dube,,Nonresident Senior Fellow - Global Economy and Development,https://www.brookings.edu/experts/oeindrila-dube/
Rick Duke,RickDuke1,"Nonresident Senior Fellow - Foreign Policy, Energy Security and Climate Initiative",https://www.brookings.edu/experts/rick-duke/
Pascaline Dupas,DupasPascaline,Nonresident Senior Fellow - Global Economy and Development,https://www.brookings.edu/experts/pascaline-dupas/
Janice C. Eberly,,Nonresident Senior Fellow - Economic Studies,https://www.brookings.edu/experts/janice-c-eberly/
Wendy Edelberg,,Director - The Hamilton Project;Senior Fellow - Economic Studies,https://www.brookings.edu/experts/wendy-edelberg/
Robert Einhorn,,"Senior Fellow - Foreign Policy, Center for 21st Century Security and Intelligence, Arms Control and Non-Proliferation Initiative",https://www.brookings.edu/experts/robert-einhorn/
Norman Eisen,normeisen,Senior Fellow - Governance Studies,https://www.brookings.edu/experts/norman-eisen/
Khaled Elgindy,elgindy_,Former Brookings Expert,https://www.brookings.edu/experts/khaled-elgindy/
Adam Elshaug,Twitter,"Visiting Fellow - Economic Studies, Center for Health Policy, USC-Brookings Schaeffer Initiative for Health Policy",https://www.brookings.edu/experts/adam-elshaug/
Alex Engler,AlexCEngler,Rubenstein Fellow - Governance Studies,https://www.brookings.edu/experts/alex-engler/
Marcela Escobari,MarcelaEscobari,Senior Fellow - Global Economy and Development,https://www.brookings.edu/experts/marcela-escobari/
Antoni Estevadeordal,,"Nonresident Senior Fellow - Global Economy and Development, Brookings Economic and Social Policy in Latin America Initiative",https://www.brookings.edu/experts/antoni-estevadeordal/
Stephen Eubank,,Nonresident Senior Fellow - Center on Social Dynamics and Policy,https://www.brookings.edu/experts/stephen-eubank/
Steven A. Farmer,,Visiting Scholar - Economic Studies,https://www.brookings.edu/experts/steven-a-farmer/
Federica Saini Fasanotti,,"Nonresident Senior Fellow - Foreign Policy, Center for 21st Century Security and Intelligence",https://www.brookings.edu/experts/federica-saini-fasanotti/
Salam Fayyad,,Distinguished Fellow - Foreign Policy,https://www.brookings.edu/experts/salam-fayyad/
Richard E. Feinberg,rfeinberg2012,"Nonresident Senior Fellow - Foreign Policy, Latin America Initiative",https://www.brookings.edu/experts/richard-feinberg/
Vanda Felbab-Brown,VFelbabBrown,"Senior Fellow - Foreign Policy, Center for 21st Century Security and Intelligence",https://www.brookings.edu/experts/vanda-felbab-brown/
Jeffrey Feltman,,John C. Whitehead Visiting Fellow in International Diplomacy - Foreign Policy,https://www.brookings.edu/experts/jeffrey-feltman/
Matthew Fiedler,mattafiedler,"Fellow - Economic Studies, USC-Brookings Schaeffer Initiative for Health Policy",https://www.brookings.edu/experts/matthew-fiedler/
Lindsey W. Ford,lindseywford,"David M. Rubenstein Fellow - Foreign Policy, Center for East Asia Policy Studies",https://www.brookings.edu/experts/lindsey-ford/
Louise Fox,LouiseFox_econ,"Nonresident Senior Fellow - Global Economy and Development, Africa Growth Initiative",https://www.brookings.edu/experts/louise-fox/
William H. Frey,,Senior Fellow - Metropolitan Policy Program,https://www.brookings.edu/experts/william-h-frey/
Michael Fullilove,mfullilove,"Nonresident Senior Fellow - Foreign Policy, Project on International Order and Strategy",https://www.brookings.edu/experts/michael-fullilove/
William G. Gale,WilliamGale2,The Arjay and Frances Fearing Miller Chair in Federal Economic Policy;Senior Fellow - Economic Studies;Director - Retirement Security Project;Co-Director - Urban-Brookings Tax Policy Center,https://www.brookings.edu/experts/william-g-gale/
William A. Galston,BillGalston,Ezra K. Zilkha Chair and Senior Fellow - Governance Studies,https://www.brookings.edu/experts/william-a-galston/
Alejandro J. Ganimian,aganimian,"Nonresident Fellow - Global Economy and Development, Center for Universal Education",https://www.brookings.edu/experts/alejandro-j-ganimian/
Ted Gayer,,"Executive Vice President, The Brookings Institution;Senior Fellow - Economic Studies",https://www.brookings.edu/experts/ted-gayer/
Paolo Gentiloni,PaoloGentiloni,Leave of Absence,https://www.brookings.edu/experts/paolo-gentiloni/
Geoffrey Gertz,geoffreygertz,Fellow - Global Economy and Development,https://www.brookings.edu/experts/geoffrey-gertz/
Paul Gewirtz,,"Nonresident Senior Fellow - Foreign Policy, John L. Thornton China Center",https://www.brookings.edu/experts/paul-gewirtz/
Adel Abdel Ghafar,AdelAGhafar,"Fellow - Foreign Policy, Brookings Doha Center",https://www.brookings.edu/experts/adel-abdel-ghafar/
Hafez Ghanem,HafezGhanem_WB,Nonresident Senior Fellow - Global Economy and Development,https://www.brookings.edu/experts/hafez-ghanem/
Tarek Ghani,,Nonresident Fellow - Global Economy and Development,https://www.brookings.edu/experts/tarek-ghani/
Indermit Gill,,Nonresident Senior Fellow - Global Economy and Development,https://www.brookings.edu/experts/indermit-gill/
Julia  Gillard,JuliaGillard,"Distinguished Fellow - Global Economy and Development, Center for Universal Education",https://www.brookings.edu/experts/julia-gillard/
Paul B. Ginsburg,,Director - USC-Brookings Schaeffer Initiative for Health Policy;Leonard D. Schaeffer Chair in Health Policy Studies;Senior Fellow - Economic Studies,https://www.brookings.edu/experts/paul-ginsburg/
D. Michael Goedecke,,"Nonresident Fellow - Economic Studies, Center on Social Dynamics and Policy",https://www.brookings.edu/experts/d-michael-goedecke/
Annelies Goger,Twitter,David M. Rubenstein Fellow - Metropolitan Policy Program,https://www.brookings.edu/experts/annelies-goger/
James Goldgeier,JimGoldgeier,"Robert Bosch Senior Visiting Fellow - Foreign Policy, Center on the United States and Europe",https://www.brookings.edu/experts/james-goldgeier/
Dana Goldman,,"Nonresident Senior Fellow - Economic Studies, USC-Brookings Schaeffer Initiative for Health Policy",https://www.brookings.edu/experts/dana-goldman/
Marek Gootman,MarekGootman,Nonresident Senior Fellow - Metropolitan Policy Program,https://www.brookings.edu/experts/marek-gootman/
Joshua Gotbaum,JoshGotbaum,Guest Scholar - Economic Studies,https://www.brookings.edu/experts/joshua-gotbaum/
Carol Graham,cgbrookings,Leo Pasvolsky Senior Fellow and Research Director - Global Economy and Development,https://www.brookings.edu/experts/carol-graham/
Michael Greenstone,,Nonresident Senior Fellow - Economic Studies,https://www.brookings.edu/experts/michael-greenstone/
Sheena Chestnut Greitens,sheenagreitens,"Nonresident Senior Fellow - Foreign Policy, Center for East Asia Policy Studies",https://www.brookings.edu/experts/sheena-chestnut-greitens/
Sharan Grewal,sh_grewal,"Nonresident Fellow - Foreign Policy, Center for Middle East Policy",https://www.brookings.edu/experts/sharan-grewal/
DJ Gribbin,DJ_gribbin,Nonresident Senior Fellow - Metropolitan Policy Program,https://www.brookings.edu/experts/dj-gribbin/
Michal Grinstein-Weiss,MichalGW,Nonresident Senior Fellow - Global Economy and Development,https://www.brookings.edu/experts/michal-grinstein-weiss/
Samantha Gross,samanthaenergy,"Director - Energy Security and Climate Initiative;Fellow - Foreign Policy, Energy Security and Climate Initiative",https://www.brookings.edu/experts/samantha-gross/
Emily Gustafsson-Wright,EGWBrookings,"Senior Fellow - Global Economy and Development, Center for Universal Education",https://www.brookings.edu/experts/emily-gustafsson-wright/
Jeffrey Gutman,,Nonresident Senior Fellow - Global Economy and Development,https://www.brookings.edu/experts/jeffrey-gutman/
Jean-Marie Guéhenno,JGuehenno,Distinguished Fellow - Foreign Policy,https://www.brookings.edu/experts/jean-marie-guehenno/
Helen Shwe Hadani,HelenSHadani,"Fellow - Global Economy and Development, Center for Universal Education;Fellow - Metropolitan Policy Program, Anne T. and Robert M. Bass Center for Transformative Placemaking",https://www.brookings.edu/experts/helen-shwe-hadani/
David P. Hajjar,,Former Brookings Expert,https://www.brookings.edu/experts/david-p-hajjar/
Mark Hall,,"Nonresident Senior Fellow - Economic Studies, USC-Brookings Schaeffer Initiative for Health Policy",https://www.brookings.edu/experts/mark-hall/
Shadi Hamid,shadihamid,"Senior Fellow - Foreign Policy, Center for Middle East Policy, U.S. Relations with the Islamic World",https://www.brookings.edu/experts/shadi-hamid/
Ross A. Hammond,,Director - Center on Social Dynamics and Policy;Senior Fellow - Economic Studies,https://www.brookings.edu/experts/ross-a-hammond/
Michael Hansen,DrMikeHansen,The Herman and George R. Brown Chair and Director - Brown Center on Education Policy;Senior Fellow - Governance Studies,https://www.brookings.edu/experts/michael-hansen/
Bradley Hardy,bl_hardy,Nonresident Senior Fellow - Economic Studies,https://www.brookings.edu/experts/bradley-hardy/
Jennifer M. Harris,jennifermharris,Nonresident Senior Fellow - Foreign Policy,https://www.brookings.edu/experts/jennifer-m-harris/
Douglas N. Harris,douglasharris99,"Nonresident Senior Fellow - Governance Studies, Brown Center on Education Policy",https://www.brookings.edu/experts/douglas-harris/
Fredrick C. Harris,,Nonresident Senior Fellow - Governance Studies,https://www.brookings.edu/experts/fredrick-c-harris/
Ron Haskins,,Senior Fellow Emeritus - Economic Studies,https://www.brookings.edu/experts/ron-haskins/
Ryan Hass,ryanl_hass,"The Michael H. Armacost Chair;Fellow - Foreign Policy, Center for East Asia Policy Studies, John L. Thornton China Center;Interim Chen-Fu and Cecilia Yen Koo Chair in Taiwan Studies",https://www.brookings.edu/experts/ryan-hass/
Ian Hathaway,IanHathaway,Nonresident Senior Fellow - Metropolitan Policy Program,https://www.brookings.edu/experts/ian-hathaway/
Howard Henderson,hhendersonphd,Nonresident Senior Fellow - Governance Studies,https://www.brookings.edu/experts/howard-henderson/
Susan Hennessey,Susan_Hennessey,Senior Fellow - Governance Studies;Executive Editor - Lawfare,https://www.brookings.edu/experts/susan-hennessey/
Makada Henry-Nickie,Twitter,Fellow - Governance Studies,https://www.brookings.edu/experts/makada-henry-nickie/
Brad Hershbein,,Nonresident Fellow - Economic Studies,https://www.brookings.edu/experts/brad-hershbein/
Stephen Hess,,Senior Fellow Emeritus - Governance Studies,https://www.brookings.edu/experts/stephen-hess/
Steven Heydemann,SHeydemann,"Nonresident Senior Fellow - Foreign Policy, Center for Middle East Policy",https://www.brookings.edu/experts/steven-heydemann/
Fiona Hill,,"Senior Fellow - Foreign Policy, Center on the United States and Europe",https://www.brookings.edu/experts/fiona-hill/
Kathy Hirsh-Pasek,KathyandRo1,"Senior Fellow - Global Economy and Development, Center for Universal Education;Stanley and Debra Lefkowitz Faculty Fellow, Department of Psychology, Temple University",https://www.brookings.edu/experts/kathy-hirsh-pasek/
Harry J. Holzer,,"Nonresident Senior Fellow - Economic Studies;John LaFarge Professor of Public Policy, Georgetown University;Former Chief Economist, Department of Labor",https://www.brookings.edu/experts/harry-j-holzer/
Colette D. Honorable,CHonorableEsq,"Nonresident Senior Fellow - Foreign Policy, Energy Security and Climate Initiative",https://www.brookings.edu/experts/colette-d-honorable/
Jamie P. Horsley,,"Visiting Fellow - Foreign Policy, John L. Thornton China Center",https://www.brookings.edu/experts/jamie-horsley/
Wenliang Hou,,Center for Retirement Research at Boston College,https://www.brookings.edu/experts/wenliang-hou/
John Hudak,JohnJHudak,Deputy Director - Center for Effective Public Management;Senior Fellow - Governance Studies,https://www.brookings.edu/experts/john-hudak/
Nathan Hultman,natehultman,Nonresident Senior Fellow - Global Economy and Development,https://www.brookings.edu/experts/nathan-hultman/
George Ingram,GMIngramIV,Senior Fellow - Global Economy and Development,https://www.brookings.edu/experts/george-ingram/
David Istance,,"Nonresident Senior Fellow - Global Economy and Development, Center for Universal Education",https://www.brookings.edu/experts/david-istance/
Jerreed Ivanich,jdivanich,Nonresident Senior Fellow - Governance Studies,https://www.brookings.edu/experts/jerreed-ivanich/
J. Mark Iwry,,Nonresident Senior Fellow - Economic Studies,https://www.brookings.edu/experts/j-mark-iwry/
Maysa Jalbout,MaysaJalbout,"Nonresident Fellow - Global Economy and Development, Center for Universal Education",https://www.brookings.edu/experts/maysa-jalbout/
Seema Jayachandran,seema_econ,Nonresident Senior Fellow - Global Economy and Development,https://www.brookings.edu/experts/seema-jayachandran/
Bonnie Jenkins,Jenkinsbd,Nonresident Senior Fellow - Foreign Policy,https://www.brookings.edu/experts/bonnie-jenkins/
David C. John,dcjretiresecure,Deputy Director - Retirement Security Project;Nonresident Senior Fellow - Economic Studies,https://www.brookings.edu/experts/david-c-john/
Ben Jones,,Nonresident Senior Fellow - Global Economy and Development,https://www.brookings.edu/experts/ben-jones/
Bruce Jones,BruceBrookings,"Director - Project on International Order and Strategy;Senior Fellow - Foreign Policy, Center for East Asia Policy Studies, Project on International Order and Strategy",https://www.brookings.edu/experts/bruce-jones/
Richard Joseph,,Nonresident Senior Fellow - Global Economy and Development,https://www.brookings.edu/experts/richard-joseph/
"E.J. Dionne, Jr.",EJDionne,W. Averell Harriman Chair and Senior Fellow - Governance Studies,https://www.brookings.edu/experts/e-j-dionne/
Robert P. Beschel Jr.,,Nonresident Senior Fellow - Brookings Doha Center,https://www.brookings.edu/experts/robert-p-beschel-jr/
Nader Kabbani,,Director of Research - Brookings Doha Center;Senior Fellow - Global Economy and Development,https://www.brookings.edu/experts/nader-kabbani/
Robert Kagan,,"Stephen & Barbara Friedman Senior Fellow - Foreign Policy, Project on International Order and Strategy",https://www.brookings.edu/experts/robert-kagan/
Marvin Kalb,MarvinKalb,Nonresident Senior Fellow - Foreign Policy,https://www.brookings.edu/experts/marvin-kalb/
Elaine Kamarck,EKamarck,Founding Director - Center for Effective Public Management;Senior Fellow - Governance Studies,https://www.brookings.edu/experts/elaine-kamarck/
Joseph W. Kane,jwkane1,Senior Research Associate and Associate Fellow - Metropolitan Policy Program,https://www.brookings.edu/experts/joseph-kane/
Mara Karlin,Twitter,Leave of Absence,https://www.brookings.edu/experts/mara-karlin/
Daniel Kaufmann,kaufpost,Nonresident Senior Fellow - Global Economy and Development,https://www.brookings.edu/experts/daniel-kaufmann/
Turan Kayaoglu,,Visiting Fellow - Brookings Doha Center,https://www.brookings.edu/experts/turan-kayaoglu/
Richard Kazis,KazisRichard,Nonresident Senior Fellow - Metropolitan Policy Program,https://www.brookings.edu/experts/richard-kazis/
Melissa S. Kearney,kearney_melissa,Nonresident Senior Fellow - Economic Studies,https://www.brookings.edu/experts/melissa-s-kearney/
Cameron F. Kerry,Cam_Kerry,"Ann R. and Andrew H. Tisch Distinguished Visiting Fellow - Governance Studies, Center for Technology Innovation",https://www.brookings.edu/experts/cameron-f-kerry/
Amit Khandelwal,akhandelwal8,Nonresident Senior Fellow - Global Economy and Development,https://www.brookings.edu/experts/amit-khandelwal/
Homi Kharas,,Senior Fellow - Global Economy and Development,https://www.brookings.edu/experts/homi-kharas/
Molly Kinder,MollyKinder,David M. Rubenstein Fellow - Metropolitan Policy Program,https://www.brookings.edu/experts/molly-kinder/
Elizabeth M. King,,"Nonresident Senior Fellow - Global Economy and Development, Center for Universal Education",https://www.brookings.edu/experts/elizabeth-king/
James Kirchick,jkirchick,"Visiting Fellow - Foreign Policy, Center on the United States and Europe, Project on International Order and Strategy",https://www.brookings.edu/experts/james-kirchick/
Kemal Kirişci,kemalkirisci,"Nonresident Senior Fellow - Foreign Policy, Center on the United States and Europe, The Turkey Project",https://www.brookings.edu/experts/kemal-kirisci/
Aaron Klein,AaronDKlein,Fellow - Economic Studies;Policy Director - Center on Regulation and Markets,https://www.brookings.edu/experts/aaron-klein/
Elizabeth Kneebone,,Nonresident Senior Fellow - Metropolitan Policy Program,https://www.brookings.edu/experts/elizabeth-kneebone/
Donald Kohn,,Robert V. Roosa Chair in International Economics;Senior Fellow - Economic Studies,https://www.brookings.edu/experts/donald-kohn/
M. Ayhan Kose,,Nonresident Senior Fellow - Global Economy and Development,https://www.brookings.edu/experts/ayhan-kose/
Sarah Kreps,sekreps,"Nonresident Senior Fellow - Foreign Policy, Center for 21st Century Security and Intelligence, Artificial Intelligence and Emerging Technology Initiative",https://www.brookings.edu/experts/sarah-kreps/
Ananth Krishnan,ananthkrishnan,Visiting Fellow - Brookings India,https://www.brookings.edu/experts/ananth-krishnan/
Arthur R. Kroeber,,Nonresident Senior Fellow - Brookings-Tsinghua Center,https://www.brookings.edu/experts/arthur-r-kroeber/
Christina Kwauk,CKwauk,"Fellow - Global Economy and Development, Center for Universal Education",https://www.brookings.edu/experts/christina-kwauk/
Robert E. Lang,,Senior Fellow - Metropolitan Policy Program,https://www.brookings.edu/experts/robert-e-lang/
Addisu Lashitew,AddisuLashitew,David M. Rubenstein Fellow - Global Economy and Development,https://www.brookings.edu/experts/addisu-lashitew/
Jennifer L. Lawless,jenlawlessUVA,Nonresident Senior Fellow - Governance Studies,https://www.brookings.edu/experts/jennifer-l-lawless/
Ju-Ho Lee,,"Nonresident Senior Fellow - Global Economy and Development, Center for Universal Education",https://www.brookings.edu/experts/ju-ho-lee/
Nicol Turner Lee,drturnerlee,Senior Fellow - Governance Studies;Director - Center for Technology Innovation,https://www.brookings.edu/experts/nicol-turner-lee/
Blair Levin,BlairLevin,Nonresident Senior Fellow - Metropolitan Policy Program,https://www.brookings.edu/experts/blair-levin/
Jason Levitis,jasonlevitis,"Nonresident Fellow - Economic Studies, USC-Brookings Schaeffer Initiative for Health Policy",https://www.brookings.edu/experts/jason-levitis/
Santiago Levy,,"Nonresident Senior Fellow - Global Economy and Development, Brookings Economic and Social Policy in Latin America Initiative",https://www.brookings.edu/experts/santiago-levy/
Shoshana Lew,,Nonresident Senior Fellow - Metropolitan Policy Program,https://www.brookings.edu/experts/shoshana-lew/
Pamela D. Lewis,,Nonresident Senior Fellow - Metropolitan Policy Program,https://www.brookings.edu/experts/pamela-d-lewis/
Robin J. Lewis,Twitter,Senior Research Associate and Associate Fellow - Governance Studies;Deputy Director - Leveraging Transparency to Reduce Corruption,https://www.brookings.edu/experts/robin-lewis/
Cheng Li,,Director - John L. Thornton China Center;Senior Fellow - Foreign Policy,https://www.brookings.edu/experts/cheng-li/
Nellie Liang,,"Miriam K. Carliner Senior Fellow - Economic Studies, The Hutchins Center on Fiscal and Monetary Policy",https://www.brookings.edu/experts/nellie-liang/
Steven M. Lieberman,,"Nonresident Fellow - Economic Studies, USC-Brookings Schaeffer Initiative for Health Policy",https://www.brookings.edu/experts/steven-m-lieberman/
Kenneth G. Lieberthal,ChinaKenL,Senior Fellow Emeritus - Foreign Policy,https://www.brookings.edu/experts/kenneth-g-lieberthal/
Adam P. Liff,AdamPLiff,"Nonresident Senior Fellow - Foreign Policy, Center for East Asia Policy Studies",https://www.brookings.edu/experts/adam-p-liff/
Paul C. Light,,Nonresident Senior Fellow - Governance Studies,https://www.brookings.edu/experts/paul-c-light/
Johannes F. Linn,,Nonresident Senior Fellow - Global Economy and Development,https://www.brookings.edu/experts/johannes-f-linn/
Robert E. Litan,,Nonresident Senior Fellow - Economic Studies,https://www.brookings.edu/experts/robert-e-litan/
Amy Liu,amy_liuw,Vice President and Director - Metropolitan Policy Program,https://www.brookings.edu/experts/amy-liu/
Tracy Hadden Loh,lohplaces,Fellow - Anne T. and Robert M. Bass Center for Transformative Placemaking,https://www.brookings.edu/experts/tracy-hadden-loh/
Adam Looney,,Nonresident Senior Fellow - Economic Studies,https://www.brookings.edu/experts/adam-looney/
Abraham F. Lowenthal,,Former Brookings Expert,https://www.brookings.edu/experts/abraham-f-lowenthal-2/
Jens Ludwig,,Nonresident Senior Fellow - Economic Studies,https://www.brookings.edu/experts/jens-ludwig/
Willow Lung-Amam,drlungamam,Nonresident Senior Fellow - Governance Studies,https://www.brookings.edu/experts/willow-lung-amam/
Nora Lustig,noralustig,Nonresident Senior Fellow - Global Economy and Development,https://www.brookings.edu/experts/nora-lustig/
Tanvi Madan,tanvi_madan,"Director - The India Project;Senior Fellow - Foreign Policy, Project on International Order and Strategy",https://www.brookings.edu/experts/tanvi-madan/
Giovanna De Maio,giovDM,"Nonresident Fellow - Foreign Policy, Center on the United States and Europe",https://www.brookings.edu/experts/giovanna-de-maio/
Suzanne Maloney,MaloneySuzanne,Vice President and Director - Foreign Policy,https://www.brookings.edu/experts/suzanne-maloney/
Peter Mandaville,pmandaville,"Nonresident Senior Fellow - Foreign Policy, Center for Middle East Policy, U.S. Relations with the Islamic World",https://www.brookings.edu/experts/peter-mandaville/
Thomas E. Mann,,Senior Fellow - Governance Studies,https://www.brookings.edu/experts/thomas-e-mann/
Alexandre Marc,,"Nonresident Senior Fellow - Foreign Policy, Center for 21st Century Security and Intelligence",https://www.brookings.edu/experts/alexandre-marc/
Dayna Bowen Matthew,daynamatthew3,"Nonresident Senior Fellow - Economic Studies, USC-Brookings Schaeffer Initiative for Health Policy",https://www.brookings.edu/experts/dayna-bowen-matthew/
John Mukum Mbaku,,"Nonresident Senior Fellow - Global Economy and Development, Africa Growth Initiative",https://www.brookings.edu/experts/john-mukum-mbaku/
Ahmadou Aly Mbaye,,"Nonresident Senior Fellow - Global Economy and Development, Africa Growth Initiative",https://www.brookings.edu/experts/ahmadou-aly-mbaye/
John McArthur,mcarthur,Senior Fellow - Global Economy and Development,https://www.brookings.edu/experts/john-mcarthur/
Brad McDearman,,Nonresident Senior Fellow - Metropolitan Policy Program,https://www.brookings.edu/experts/brad-mcdearman/
Warwick J. McKibbin,WarwickMcKibbin,Nonresident Senior Fellow - Economic Studies;Co-Director - Climate and Energy Economics Project,https://www.brookings.edu/experts/warwick-j-mckibbin/
John McLaughlin,,"Nonresident Senior Fellow - Foreign Policy, Center for 21st Century Security and Intelligence",https://www.brookings.edu/experts/john-mclaughlin/
Michael J. Meaney,,"Visiting Researcher - Global Economy and Development, Center for Universal Education",https://www.brookings.edu/experts/michael-j-meaney/
Joshua P. Meltzer,Twitter,Senior Fellow - Global Economy and Development,https://www.brookings.edu/experts/joshua-p-meltzer/
Chris Meserole,chrismeserole,Deputy Director - Artificial Intelligence and Emerging Technology Initiative;Fellow - Foreign Policy,https://www.brookings.edu/experts/chris-meserole/
Jason S. Miller,,Nonresident Senior Fellow - Metropolitan Policy Program,https://www.brookings.edu/experts/jason-s-miller/
Hu Min,,Nonresident Senior Fellow - Brookings-Tsinghua Center,https://www.brookings.edu/experts/hu-min/
Reena V Mithal,,Former Brookings India Expert - Brookings India,https://www.brookings.edu/experts/reena-v-mithal/
Alicia Sasser Modestino,SasserModestino,Nonresident Fellow - Metropolitan Policy Program,https://www.brookings.edu/experts/alicia-sasser-modestino/
Rakesh Mohan,,Executive Director and Chief Mentor - Brookings India,https://www.brookings.edu/experts/rakesh-mohan/
Molly Montgomery,MollyMontgomery,Leave of Absence,https://www.brookings.edu/experts/molly-montgomery/
John B. Morris Jr.,jmorrisjr,"Nonresident Senior Fellow - Governance Studies, Center for Technology Innovation",https://www.brookings.edu/experts/john-morris/
Adele Morris,AdeleCMorris,Joseph A. Pechman Senior Fellow - Economic Studies;Policy Director - Climate and Energy Economics Project,https://www.brookings.edu/experts/adele-morris/
Alicia H. Munnell,,"Director, Center for Retirement Research at Boston College",https://www.brookings.edu/experts/alicia-h-munnell/
Mark Muro,markmuro1,Senior Fellow and Policy Director - Metropolitan Policy Program,https://www.brookings.edu/experts/mark-muro/
Zachary P. Neal,,Nonresident Senior Fellow - Metropolitan Policy Program,https://www.brookings.edu/experts/zachary-p-neal/
Jane Nelson,,Nonresident Senior Fellow - Global Economy and Development,https://www.brookings.edu/experts/jane-nelson/
Richard Nephew,RichardMNephew,"Nonresident Senior Fellow - Foreign Policy, Center for 21st Century Security and Intelligence, Arms Control and Non-Proliferation Initiative",https://www.brookings.edu/experts/richard-nephew/
Milena Nikolova,milenkanik,Nonresident Fellow - Global Economy and Development,https://www.brookings.edu/experts/milena-nikolova/
Victoria Nuland,,"Nonresident Senior Fellow - Foreign Policy, Center on the United States and Europe;Senior Advisor to the Director of Foreign Policy",https://www.brookings.edu/experts/victoria-nuland/
Michael E. O’Hanlon,MichaelEOHanlon,"Director of Research - Foreign Policy;Co-Director, Security and Strategy;Senior Fellow - Foreign Policy, Center for 21st Century Security and Intelligence;The Sydney Stein, Jr. Chair",https://www.brookings.edu/experts/michael-e-ohanlon/
Ngozi Okonjo-Iweala,NOIweala,"Nonresident Distinguished Fellow - Global Economy and Development, Africa Growth Initiative",https://www.brookings.edu/experts/ngozi-okonjo-iweala-2/
Ken Opalo,kopalo,"Nonresident Fellow, Security and Strategy - Foreign Policy",https://www.brookings.edu/experts/ken-opalo/
Aloysius Uche Ordu,ALOYSIUSORDU,Director - Africa Growth Initiative;Senior Fellow - Global Economy and Development,https://www.brookings.edu/experts/aloysius-uche-ordu/
Daniel E. Ortega,dortegaeval,"Nonresident Fellow - Global Economy and Development, Brookings Economic and Social Policy in Latin America Initiative",https://www.brookings.edu/experts/daniel-e-ortega/
Evan Osnos,eosnos,"Nonresident Fellow - Foreign Policy, John L. Thornton China Center",https://www.brookings.edu/experts/evan-osnos/
John Page,,"Nonresident Senior Fellow - Global Economy and Development, Africa Growth Initiative",https://www.brookings.edu/experts/john-page/
Jung H. Pak,junghpak1,"SK-Korea Foundation Chair in Korea Studies;Senior Fellow - Foreign Policy, Center for East Asia Policy Studies",https://www.brookings.edu/experts/jung-h-pak/
Joseph Parilla,joeparilla,Fellow - Metropolitan Policy Program,https://www.brookings.edu/experts/joseph-parilla/
Eric M. Patashnik,EricPatashnik,Nonresident Senior Fellow - Governance Studies,https://www.brookings.edu/experts/eric-m-patashnik/
Kavita Patel,kavitapmd,"Nonresident Fellow - Economic Studies, USC-Brookings Schaeffer Initiative for Health Policy",https://www.brookings.edu/experts/kavita-patel/
Theodore Pelagidis,,Nonresident Senior Fellow - Global Economy and Development,https://www.brookings.edu/experts/theodore-pelagidis/
Thomas Pepinsky,tompepinsky,"Nonresident Senior Fellow - Foreign Policy, Center for East Asia Policy Studies",https://www.brookings.edu/experts/thomas-pepinsky/
George L. Perry,Twitter,Senior Fellow - Economic Studies,https://www.brookings.edu/experts/george-l-perry/
Andre M. Perry,andreperryedu,Fellow - Metropolitan Policy Program,https://www.brookings.edu/experts/andre-m-perry/
Kadira Pethiyagoda,KPethiyagoda,Former Brookings Expert,https://www.brookings.edu/experts/kadira-pethiyagoda/
Peter A. Petri,,"Nonresident Senior Fellow - Foreign Policy, John L. Thornton China Center",https://www.brookings.edu/experts/peter-a-petri/
Ted Piccone,piccone_ted,"Nonresident Senior Fellow, Security and Strategy - Foreign Policy",https://www.brookings.edu/experts/ted-piccone/
Thomas Pickering,,Distinguished Fellow - Foreign Policy,https://www.brookings.edu/experts/thomas-pickering/
Steven Pifer,steven_pifer,"Nonresident Senior Fellow - Foreign Policy, Center for 21st Century Security and Intelligence, Center on the United States and Europe, Arms Control and Non-Proliferation Initiative",https://www.brookings.edu/experts/steven-pifer/
Luiz Pinto,,Former Brookings Expert,https://www.brookings.edu/experts/luiz-pinto/
Anthony F. Pipa,anthonypipa,Senior Fellow - Global Economy and Development,https://www.brookings.edu/experts/anthony-f-pipa/
Jonathan D. Pollack,,"Nonresident Senior Fellow - Foreign Policy, Center for East Asia Policy Studies, John L. Thornton China Center",https://www.brookings.edu/experts/jonathan-d-pollack/
Robert C. Pozen,Pozen,Nonresident Senior Fellow - Economic Studies,https://www.brookings.edu/experts/robert-c-pozen/
Eswar Prasad,EswarSPrasad,Senior Fellow - Global Economy and Development,https://www.brookings.edu/experts/eswar-prasad/
Robert Puentes,rpuentes,Nonresident Senior Fellow - Metropolitan Policy Program,https://www.brookings.edu/experts/robert-puentes/
Patrick W. Quirk,patrickwquirk,"Nonresident Fellow - Foreign Policy, Center for 21st Century Security and Intelligence",https://www.brookings.edu/experts/patrick-w-quirk/
Irfan Aleem Qureshi,,Visiting Fellow - Brookings Doha Center,https://www.brookings.edu/experts/irfan-aleem-qureshi/
Zia Qureshi,,Visiting Fellow - Global Economy and Development,https://www.brookings.edu/experts/zia-qureshi/
Barry G. Rabe,BarryRabe,Nonresident Senior Fellow - Governance Studies,https://www.brookings.edu/experts/barry-rabe/
Itamar Rabinovich,,Distinguished Fellow - Foreign Policy,https://www.brookings.edu/experts/itamar-rabinovich/
Steve Radelet,,Nonresident Senior Fellow - Global Economy and Development,https://www.brookings.edu/experts/steve-radelet/
Omar H. Rahman,omarrahman,Visiting Fellow - Brookings Doha Center,https://www.brookings.edu/experts/omar-h-rahman/
John D. Ratliff,,Nonresident Senior Fellow - Metropolitan Policy Program,https://www.brookings.edu/experts/john-d-ratliff/
Jonathan Rauch,jon_rauch,Senior Fellow - Governance Studies,https://www.brookings.edu/experts/jonathan-rauch/
Shamika Ravi,ShamikaRavi,Non-Resident Senior Fellow - Governance Studies,https://www.brookings.edu/experts/shamika-ravi/
Rashawn Ray,SociologistRay,David M. Rubenstein Fellow - Governance Studies,https://www.brookings.edu/experts/rashawn-ray/
Sarah Reber,econsarahreber,David M. Rubenstein Fellow - Economic Studies,https://www.brookings.edu/experts/sarah-reber/
Douglas A. Rediker,dougrediker,Nonresident Senior Fellow - Global Economy and Development,https://www.brookings.edu/experts/douglas-a-rediker/
Richard V. Reeves,RichardvReeves,John C. and Nancy D. Whitehead Chair;Senior Fellow - Economic Studies;Director - Future of the Middle Class Initiative;Director - Center on Children and Families,https://www.brookings.edu/experts/richard-v-reeves/
Walter Reich,,Nonresident Senior Fellow - Foreign Policy,https://www.brookings.edu/experts/walter-reich/
Ana Revenga,analerevenga,Nonresident Senior Fellow - Global Economy and Development,https://www.brookings.edu/experts/ana-revenga/
Evans J.R. Revere,,"Nonresident Senior Fellow - Foreign Policy, Center for East Asia Policy Studies",https://www.brookings.edu/experts/evans-j-r-revere/
Molly E. Reynolds,Twitter,Senior Fellow - Governance Studies,https://www.brookings.edu/experts/molly-e-reynolds/
Bruce Riedel,,"Senior Fellow - Foreign Policy, Center for 21st Century Security and Intelligence, Center for Middle East Policy;Director - The Intelligence Project",https://www.brookings.edu/experts/bruce-riedel/
Timmons Roberts,timmonsroberts,Nonresident Senior Fellow - Global Economy and Development,https://www.brookings.edu/experts/timmons-roberts/
Lori Robinson,,"Nonresident Senior Fellow - Foreign Policy, Center for 21st Century Security and Intelligence",https://www.brookings.edu/experts/lori-robinson/
Jenny Perlman Robinson,JennyPerlman,"Senior Fellow - Global Economy and Development, Center for Universal Education",https://www.brookings.edu/experts/jenny-perlman-robinson/
Heather M. Roff,hmroff,"Nonresident Fellow, Security and Strategy - Foreign Policy",https://www.brookings.edu/experts/heather-m-roff/
Melissa Rogers,melissarogers,Nonresident Senior Fellow - Governance Studies,https://www.brookings.edu/experts/melissa-rogers-2/
Eric Rosand,rosanderic,"Nonresident Senior Fellow - Foreign Policy, Center for Middle East Policy, U.S. Relations with the Islamic World",https://www.brookings.edu/experts/eric-rosand/
Frank A. Rose,,"Co-Director, Security and Strategy;Senior Fellow - Foreign Policy, Center for 21st Century Security and Intelligence",https://www.brookings.edu/experts/frank-a-rose/
Martha Ross,marthahross,Senior Fellow - Metropolitan Policy Program,https://www.brookings.edu/experts/martha-ross/
Jonathan Rothwell,jtrothwell,Nonresident Senior Fellow - Metropolitan Policy Program,https://www.brookings.edu/experts/jonathan-rothwell/
Mary Jean Ryan,,Nonresident Senior Fellow - Metropolitan Policy Program,https://www.brookings.edu/experts/mary-jean-ryan/
Natan Sachs,natansachs,"Director - Center for Middle East Policy;Fellow - Foreign Policy, Center for Middle East Policy",https://www.brookings.edu/experts/natan-sachs/
Larbi Sadiki,,Nonresident Fellow - Brookings Doha Center,https://www.brookings.edu/experts/larbi-sadiki/
Urvashi Sahni,urvashi_sahni,"Nonresident Fellow - Global Economy and Development, Center for Universal Education;Founder and CEO - Study Hall Educational Foundation",https://www.brookings.edu/experts/urvashi-sahni/
Djavad Salehi-Isfahani,,Nonresident Senior Fellow - Global Economy and Development,https://www.brookings.edu/experts/djavad-salehi-isfahani/
Rodney Sampson,RodneySampson,Nonresident Senior Fellow - Metropolitan Policy Program,https://www.brookings.edu/experts/rodney-sampson/
Thomas W. Sanchez,,,https://www.brookings.edu/experts/thomas-w-sanchez/
Gabriel R. Sanchez,,Nonresident Senior Fellow - Governance Studies,https://www.brookings.edu/experts/gabriel-r-sanchez/
Arturo Sarukhan,Arturo_Sarukhan,Nonresident Senior Fellow - Foreign Policy,https://www.brookings.edu/experts/arturo-sarukhan/
Aia Sarycheva,AiaSarycheva,Nonresident Fellow - Metropolitan Policy Program,https://www.brookings.edu/experts/aia-sarycheva/
Elizabeth N. Saunders,ProfSaunders,"Nonresident Senior Fellow - Foreign Policy, Project on International Order and Strategy",https://www.brookings.edu/experts/elizabeth-n-saunders/
Isabel V. Sawhill,isawhill,"Senior Fellow - Economic Studies, Center on Children and Families, Future of the Middle Class Initiative",https://www.brookings.edu/experts/isabel-v-sawhill/
Diane Whitmore Schanzenbach,dwschanz,Nonresident Senior Fellow - Economic Studies,https://www.brookings.edu/experts/diane-whitmore-schanzenbach/
Witney Schneidman,WitneySchneid,"Nonresident Fellow - Global Economy and Development, Africa Growth Initiative",https://www.brookings.edu/experts/witney-schneidman/
Jenny Schuetz,jenny_schuetz,"Fellow - Metropolitan Policy Program, Future of the Middle Class Initiative",https://www.brookings.edu/experts/jenny-schuetz/
Steven Seltzer,,Visiting Scholar - Economic Studies,https://www.brookings.edu/experts/steven-seltzer/
Jay Shambaugh,JayCShambaugh,Nonresident Senior Fellow - Economic Studies,https://www.brookings.edu/experts/jay-shambaugh/
Jordan Shapiro,jordosh,"Nonresident Fellow - Global Economy and Development, Center for Universal Education",https://www.brookings.edu/experts/jordan-shapiro/
Jeremy Shapiro,jyshapiro,"Nonresident Senior Fellow - Foreign Policy, Center on the United States and Europe, Project on International Order and Strategy",https://www.brookings.edu/experts/jeremy-shapiro/
Louise Sheiner,Twitter,The Robert S. Kerr Senior Fellow - Economic Studies;Policy Director - The Hutchins Center on Fiscal and Monetary Policy,https://www.brookings.edu/experts/louise-sheiner/
Jim Shelton,JIMSEDU,"Nonresident Senior Fellow - Global Economy and Development, Center for Universal Education",https://www.brookings.edu/experts/jim-shelton/
Katherine Sierra,,Nonresident Senior Fellow - Global Economy and Development,https://www.brookings.edu/experts/katherine-sierra/
Landry Signé,LandrySigne,"Senior Fellow - Global Economy and Development, Africa Growth Initiative",https://www.brookings.edu/experts/landry-signe/
Pavneet Singh,,"Nonresident Fellow - Foreign Policy, John L. Thornton China Center",https://www.brookings.edu/experts/pavneet-singh/
Harsha Vardhana Singh,,,https://www.brookings.edu/experts/harsha-vardhana-singh/
Amanda Sloat,A_Sloat,"Robert Bosch Senior Fellow - Foreign Policy, Center on the United States and Europe",https://www.brookings.edu/experts/amanda-sloat/
Dennis J. Snower,DJSnower,Nonresident Senior Fellow - Global Economy and Development,https://www.brookings.edu/experts/dennis-j-snower/
Javier Solana,javiersolana,Distinguished Fellow - Foreign Policy,https://www.brookings.edu/experts/javier-solana/
Mireya Solís,solis_msolis,"Director - Center for East Asia Policy Studies;Senior Fellow - Foreign Policy, Center for East Asia Policy Studies;Philip Knight Chair in Japan Studies",https://www.brookings.edu/experts/mireya-solis/
Vera Songwe,SongweVera,"Nonresident Senior Fellow - Global Economy and Development, Africa Growth Initiative",https://www.brookings.edu/experts/vera-songwe/
Julia Stasch,,Distinguished Nonresident Senior Fellow - Metropolitan Policy Program,https://www.brookings.edu/experts/julia-stasch/
Tom Stefanick,,Visiting Fellow - Foreign Policy,https://www.brookings.edu/experts/tom-stefanick/
Constanze Stelzenmüller,ConStelz,"Senior Fellow - Foreign Policy, Center on the United States and Europe",https://www.brookings.edu/experts/constanze-stelzenmuller/
Angela Stent,AngelaStent,"Nonresident Senior Fellow - Foreign Policy, Center on the United States and Europe",https://www.brookings.edu/experts/angela-stent/
Todd Stern,tsterndc,"Nonresident Senior Fellow - Foreign Policy, Energy Security and Climate Initiative",https://www.brookings.edu/experts/todd-stern/
James Stock,,Nonresident Senior Fellow - Economic Studies,https://www.brookings.edu/experts/james-stock/
Jonathan Stromseth,,"Lee Kuan Yew Chair in Southeast Asian Studies;Senior Fellow - Foreign Policy, Center for East Asia Policy Studies, John L. Thornton China Center",https://www.brookings.edu/experts/jonathan-stromseth/
Yun Sun,,"Nonresident Fellow - Global Economy and Development, Africa Growth Initiative",https://www.brookings.edu/experts/yun-sun/
Mia Swart,,"Former Brookings Expert;
					Visiting Fellow, Brookings Doha Center;
					Research Director, Human Sciences Research Council (HSRC)",https://www.brookings.edu/experts/mia-swart/
Amadou Sy,ASYAfrica,"Nonresident Senior Fellow - Global Economy and Development, Africa Growth Initiative",https://www.brookings.edu/experts/amadou-sy/
Strobe Talbott,strobetalbott,Distinguished Fellow - Foreign Policy,https://www.brookings.edu/experts/strobe-talbott/
Caitlin Talmadge,ProfTalmadge,"Nonresident Senior Fellow - Foreign Policy, Center for 21st Century Security and Intelligence",https://www.brookings.edu/experts/caitlin-talmadge/
Ran Tao,,Nonresident Senior Fellow - Brookings-Tsinghua Center,https://www.brookings.edu/experts/ran-tao/
Daniel K. Tarullo,,"Nonresident Senior Fellow - Economic Studies, The Hutchins Center on Fiscal and Monetary Policy",https://www.brookings.edu/experts/daniel-k-tarullo/
Torrey Taussig,torrey_taussig,"Nonresident Fellow - Foreign Policy, Center on the United States and Europe",https://www.brookings.edu/experts/torrey-taussig/
Mark Taylor,,Nonresident Senior Fellow - Economic Studies,https://www.brookings.edu/experts/mark-taylor/
Jerry Taylor,,"President, Niskanen Center",https://www.brookings.edu/experts/jerry-taylor__trashed/
Margaret L. Taylor,MargLTaylor,Fellow - Governance Studies;Senior Editor and Counsel - Lawfare,https://www.brookings.edu/experts/margaret-l-taylor/
Ömer Taşpınar,otaspinar,"Nonresident Senior Fellow - Foreign Policy, Center for 21st Century Security and Intelligence",https://www.brookings.edu/experts/omer-taspinar/
Shibley Telhami,Twitter,"Nonresident Senior Fellow - Foreign Policy, Center for Middle East Policy, U.S. Relations with the Islamic World",https://www.brookings.edu/experts/shibley-telhami/
Kathryn Dunn Tenpas,kdtenpas,Nonresident Senior Fellow - Governance Studies,https://www.brookings.edu/experts/kathryn-dunn-tenpas-ph-d/
Mallika Thomas,,David M. Rubenstein Fellow - Economic Studies,https://www.brookings.edu/experts/mallika-thomas/
Susan A. Thornton,suea_thornton,"Nonresident Senior Fellow - Foreign Policy, John L. Thornton China Center",https://www.brookings.edu/experts/susan-a-thornton/
Adie Tomer,AdieTomer,Fellow - Metropolitan Policy Program,https://www.brookings.edu/experts/adie-tomer/
Rahul Tongia,DrTongia,"Fellow - Brookings India, Cross-Brookings Initiative on Energy and Climate",https://www.brookings.edu/experts/rahul-tongia/
Adam Triggs,AdamJTriggs,Nonresident Fellow - Global Economy and Development,https://www.brookings.edu/experts/adam-triggs/
Harold Trinkunas,htrinkunas,"Nonresident Senior Fellow - Foreign Policy, Latin America Initiative;Deputy Director, Center for International Security and Cooperation, Freeman Spogli Institute, Stanford University",https://www.brookings.edu/experts/harold-trinkunas/
Erin Trish,,"Nonresident Fellow - Economic Studies, USC-Brookings Schaeffer Initiative for Health Policy",https://www.brookings.edu/experts/erin-trish/
Jesus Leal Trujillo,,Former Research Analyst and Associate Fellow - Metropolitan Policy Program,https://www.brookings.edu/experts/jesus-leal-trujillo/
Shalini Vajjhala,,Nonresident Senior Fellow - Metropolitan Policy Program,https://www.brookings.edu/experts/shalini-vajjhalla/
Jon Valant,JonValant,"Senior Fellow - Governance Studies, Brown Center on Education Policy",https://www.brookings.edu/experts/jon-valant/
Emiliana Vegas,EmiVegasV,Co-director - Center for Universal Education;Senior Fellow - Global Economy and Development,https://www.brookings.edu/experts/emiliana-vegas/
Eric Verhoogen,EricVerhoogen,Nonresident Senior Fellow - Global Economy and Development,https://www.brookings.edu/experts/eric-verhoogen/
Zach Vertin,ZachVertin,Nonresident Fellow - Foreign Policy,https://www.brookings.edu/experts/zach-vertin/
Jennifer S. Vey,jvey1,"Senior Fellow - Metropolitan Policy Program, Anne T. and Robert M. Bass Center for Transformative Placemaking;Director - Anne T. and Robert M. Bass Center for Transformative Placemaking",https://www.brookings.edu/experts/jennifer-s-vey/
David G. Victor,,Co-Chair - Cross-Brookings Initiative on Energy and Climate,https://www.brookings.edu/experts/david-victor/
John Villasenor,JohnDVillasenor,"Nonresident Senior Fellow - Governance Studies, Center for Technology Innovation",https://www.brookings.edu/experts/john-villasenor/
Erick Viramontes,,Former Brookings Expert,https://www.brookings.edu/experts/erick-viramontes/
Julie Wagner,wagnerjk,"Nonresident Senior Fellow - Metropolitan Policy Program;President, The Global Institute on Innovation Districts",https://www.brookings.edu/experts/julie-wagner/
Judith-Ann Walker,,"Nonresident Fellow - Global Economy and Development, Center for Universal Education",https://www.brookings.edu/experts/judith-ann-walker/
Jeffery T.D. Wallace,,Nonresident Senior Fellow - Metropolitan Policy Program,https://www.brookings.edu/experts/jeffery-t-d-wallace/
R. Kent Weaver,,Senior Fellow - Governance Studies,https://www.brookings.edu/experts/r-kent-weaver/
Anthony Webb,,"Retirement Equity Lab, The New School for Social Research",https://www.brookings.edu/experts/anthony-webb/
Shang-Jin Wei,,Nonresident Senior Fellow - Global Economy and Development,https://www.brookings.edu/experts/shang-jin-wei/
Robert Weissbourd,,,https://www.brookings.edu/experts/robert-weissbourd/
Dr. Leana Wen,DrLeanaWen,Nonresident Senior Fellow - Metropolitan Policy Program,https://www.brookings.edu/experts/dr-leana-wen/
David Wessel,davidmwessel,Director - The Hutchins Center on Fiscal and Monetary Policy;Senior Fellow - Economic Studies,https://www.brookings.edu/experts/david-wessel/
Darrell M. West,DarrWest,Vice President and Director - Governance Studies;Senior Fellow - Center for Technology Innovation,https://www.brookings.edu/experts/darrell-m-west/
Rebecca Wexler,RebeccaWexler,"Nonresident Fellow - Governance Studies, Center for Technology Innovation",https://www.brookings.edu/experts/rebecca-wexler/
Tom Wheeler,Twitter,"Visiting Fellow - Governance Studies, Center for Technology Innovation",https://www.brookings.edu/experts/tom-wheeler/
Russell Wheeler,,Visiting Fellow - Governance Studies,https://www.brookings.edu/experts/russell-wheeler/
Joshua T. White,joshuatwhite,Nonresident Fellow - Foreign Policy,https://www.brookings.edu/experts/joshua-t-white/
Peter J. Wilcoxen,,Nonresident Senior Fellow - Economic Studies;Co-Director - Climate and Energy Economics Project,https://www.brookings.edu/experts/peter-j-wilcoxen/
Robert D. Williams,,"Nonresident Senior Fellow - Foreign Policy, John L. Thornton China Center",https://www.brookings.edu/experts/robert-d-williams/
Vanessa Williamson,v_williamson,Senior Fellow - Governance Studies;Senior Fellow - Urban-Brookings Tax Policy Center,https://www.brookings.edu/experts/vanessa-williamson/
Clifford Winston,,Searle Freedom Trust Senior Fellow - Economic Studies,https://www.brookings.edu/experts/clifford-winston/
Rebecca Winthrop,rebeccawinthrop,Co-director - Center for Universal Education;Senior Fellow - Global Economy and Development,https://www.brookings.edu/experts/rebecca-winthrop/
Tamara Cofman Wittes,tcwittes,"Senior Fellow - Foreign Policy, Center for Middle East Policy",https://www.brookings.edu/experts/tamara-cofman-wittes/
Benjamin Wittes,benjaminwittes,Senior Fellow - Governance Studies;Editor-in-chief - Lawfare,https://www.brookings.edu/experts/benjamin-wittes/
Justin Wolfers,justinwolfers,Nonresident Senior Fellow - Economic Studies,https://www.brookings.edu/experts/justin-wolfers/
Kenneth K. Wong,,Nonresident Senior Fellow - Governance Studies,https://www.brookings.edu/experts/kenneth-k-wong/
Daniel B. Wright,,"Nonresident Senior Fellow - Foreign Policy, John L. Thornton China Center",https://www.brookings.edu/experts/daniel-b-wright/
Thomas Wright,thomaswright08,"Director - Center on the United States and Europe;Senior Fellow - Foreign Policy, Project on International Order and Strategy",https://www.brookings.edu/experts/thomas-wright/
Constantino Xavier,constantinox,"Fellow - Foreign Policy, Brookings India",https://www.brookings.edu/experts/constantino-xavier/
Lan Xue,,"Nonresident Senior Fellow - Foreign Policy, John L. Thornton China Center",https://www.brookings.edu/experts/lan-xue/
Niam Yaraghi,niamyaraghi,"Nonresident Fellow - Governance Studies, Center for Technology Innovation",https://www.brookings.edu/experts/niam-yaraghi/
Janet L. Yellen,,"Distinguished Fellow in Residence - Economic Studies, The Hutchins Center on Fiscal and Monetary Policy",https://www.brookings.edu/experts/janet-l-yellen/
Eduardo Levy Yeyati,eduardoyeyati,Nonresident Senior Fellow - Global Economy and Development,https://www.brookings.edu/experts/eduardo-levy-yeyati/
Christen Linke Young,clinkeyoung,Fellow - USC-Brookings Schaeffer Initiative for Health Policy,https://www.brookings.edu/experts/christen-linke-young/
Tarik M. Yousef,,"Director - Brookings Doha Center;Senior Fellow - Global Economy and Development, Brookings Doha Center",https://www.brookings.edu/experts/tarik-yousef/
Qiao Yu,,Nonresident Senior Fellow - Brookings-Tsinghua Center,https://www.brookings.edu/experts/qiao-yu/
Yahia H. Zoubir,zoubiryh,Nonresident Fellow - Brookings Doha Center,https://www.brookings.edu/experts/yahia-h-zoubir/
Daniel Zovatto,Zovatto55,"Nonresident Senior Fellow - Foreign Policy, Latin America Initiative",https://www.brookings.edu/experts/daniel-zovatto/
توران كيا اوغلو,,Former Brookings Expert,https://www.brookings.edu/experts/%d8%aa%d9%88%d8%b1%d8%a7%d9%86-%d9%83%d9%8a%d8%a7-%d8%a7%d9%88%d8%ba%d9%84%d9%88/
أحمد كورو,Twitter,Former Brookings Expert,https://www.brookings.edu/experts/%d8%a3%d8%ad%d9%85%d8%af-%d9%83%d9%88%d8%b1%d9%88/
