name,title,type,href
Neera Tanden,President and CEO of the Center for American Progress,leadership,https://www.americanprogress.org/person/tanden-neera/
Navin Nayak,Counselor,leadership,https://www.americanprogress.org/person/nayak-navin/
Mara Rudman,"Executive Vice President, Policy",leadership,https://www.americanprogress.org/person/rudman-mara/
Winnie Stachelberg,"Executive Vice President, External Affairs",leadership,https://www.americanprogress.org/person/stachelberg-winnie/
Gordon Gray,Chief Operating Officer,leadership,https://www.americanprogress.org/person/gray-gordon/
Daniella Gibbs Léger,"Executive Vice President, Communications and Strategy",leadership,https://www.americanprogress.org/person/gibbs-leger-daniella/
Neera Tanden,President and CEO of the Center for American Progress,Senior Staff,https://www.americanprogress.org/person/tanden-neera/
Navin Nayak,Counselor,Senior Staff,https://www.americanprogress.org/person/nayak-navin/
Mara Rudman,"Executive Vice President, Policy",Senior Staff,https://www.americanprogress.org/person/rudman-mara/
Winnie Stachelberg,"Executive Vice President, External Affairs",Senior Staff,https://www.americanprogress.org/person/stachelberg-winnie/
Gordon Gray,Chief Operating Officer,Senior Staff,https://www.americanprogress.org/person/gray-gordon/
Daniella Gibbs Léger,"Executive Vice President, Communications and Strategy",Senior Staff,https://www.americanprogress.org/person/gibbs-leger-daniella/
Shane Bateman,"Senior Vice President, Finance and Administration; Chief Financial Officer",Distinguished Senior Fellows,https://www.americanprogress.org/person/bateman-shane/
Sam Berger,"Vice President, Democracy and Government Reform",Distinguished Senior Fellows,https://www.americanprogress.org/person/berger-sam/
Alexandra Cawthorne Gaines,"Vice President, Poverty to Prosperity",Distinguished Senior Fellows,https://www.americanprogress.org/person/cawthorne-gaines-alexandra/
Ed Chung,"Vice President, Criminal Justice Reform",Distinguished Senior Fellows,https://www.americanprogress.org/person/chung-ed/
Erin Cohan,Vice President and Chief of Staff,Distinguished Senior Fellows,https://www.americanprogress.org/person/cohan-erin/
Brent J. Cohen,"Executive Director, Generation Progress; Vice President, Youth Engagement",Distinguished Senior Fellows,https://www.americanprogress.org/person/cohen-brent/
Adam Conner,"Vice President, Technology Policy",Distinguished Senior Fellows,https://www.americanprogress.org/person/conner-adam/
Marlene Cooper Vasilic,"Vice President, Outreach and Special Events",Distinguished Senior Fellows,https://www.americanprogress.org/person/cooper-vasilic-marlene/
Brian DeMarco,"Vice President, Development",Distinguished Senior Fellows,https://www.americanprogress.org/person/demarco-brian/
Alex DeMots,Senior Vice President; General Counsel,Distinguished Senior Fellows,https://www.americanprogress.org/person/demots-alex/
Christy Goldfuss,"Senior Vice President, Energy and Environment Policy",Distinguished Senior Fellows,https://www.americanprogress.org/person/goldfuss-christy/
Katie Hamm,"Vice President, Early Childhood Policy",Distinguished Senior Fellows,https://www.americanprogress.org/person/hamm-katie/
Deborah Holston,"Vice President, Finance",Distinguished Senior Fellows,https://www.americanprogress.org/person/holston-deborah/
Tom Jawetz,"Vice President, Immigration Policy",Distinguished Senior Fellows,https://www.americanprogress.org/person/jawetz-tom/
Kelly Magsamen,"Vice President, National Security and International Policy",Distinguished Senior Fellows,https://www.americanprogress.org/person/magsamen-kelly/
Ben Miller,"Vice President, Postsecondary Education",Distinguished Senior Fellows,https://www.americanprogress.org/person/miller-ben/
Ben Olinsky,"Senior Vice President, Policy and Strategy",Distinguished Senior Fellows,https://www.americanprogress.org/person/olinsky-ben/
Chelsea Parsons,"Vice President, Gun Violence Prevention",Distinguished Senior Fellows,https://www.americanprogress.org/person/parsons-chelsea/
Jamie Perez,"Vice President, Digital Strategy",Distinguished Senior Fellows,https://www.americanprogress.org/person/perez-jamie/
Shilpa Phadke,"Vice President, Women's Initiative",Distinguished Senior Fellows,https://www.americanprogress.org/person/phadke-shilpa/
Allison Preiss,"Vice President, Communications",Distinguished Senior Fellows,https://www.americanprogress.org/person/preiss-allison/
Laura Rodriguez,"Vice President, Government Affairs",Distinguished Senior Fellows,https://www.americanprogress.org/person/rodriguez-laura/
Scott Sargrad,"Vice President, K-12 Education Policy",Distinguished Senior Fellows,https://www.americanprogress.org/person/sargrad-scott/
Danyelle Solomon,"Vice President, Race and Ethnicity Policy",Distinguished Senior Fellows,https://www.americanprogress.org/person/solomon-danyelle/
Topher Spiro,"Vice President, Health Policy; Senior Fellow",Distinguished Senior Fellows,https://www.americanprogress.org/person/spiro-topher/
Lauren Vicary,"Senior Vice President, Art, Editorial, and Video",Distinguished Senior Fellows,https://www.americanprogress.org/person/vicary-lauren/
Andres Vinelli,"Vice President, Economic Policy",Distinguished Senior Fellows,https://www.americanprogress.org/person/vinelli-andres/
Alex Wall,"Vice President, Digital Engagement",Distinguished Senior Fellows,https://www.americanprogress.org/person/wall-alex/
Karen Witt,"Vice President, Human Resources",Distinguished Senior Fellows,https://www.americanprogress.org/person/witt-karen/
Austan Goolsbee,Distinguished Senior Fellow,Resident Senior Fellows,https://www.americanprogress.org/person/goolsbee-austan/
Lawrence H. Summers,Distinguished Senior Fellow,Resident Senior Fellows,https://www.americanprogress.org/person/summers-lawrence/
Max Bergmann,Senior Fellow,Nonresident Senior Fellows,https://www.americanprogress.org/person/bergmann-max/
Rudy deLeon,Senior Fellow,Nonresident Senior Fellows,https://www.americanprogress.org/person/deleon-rudy/
Jodi Enda,Senior Fellow,Nonresident Senior Fellows,https://www.americanprogress.org/person/enda-jodi/
Jocelyn Frye,Senior Fellow,Nonresident Senior Fellows,https://www.americanprogress.org/person/frye-jocelyn/
Michael Fuchs,Senior Fellow,Nonresident Senior Fellows,https://www.americanprogress.org/person/fuchs-michael/
Sam Fulwood III,Senior Fellow,Nonresident Senior Fellows,https://www.americanprogress.org/person/fulwood-iii-sam/
Stephanie Griffith,Senior Fellow,Nonresident Senior Fellows,https://www.americanprogress.org/person/griffith-stephanie/
John Halpin,"Senior Fellow; Co-Director, Politics and Elections",Nonresident Senior Fellows,https://www.americanprogress.org/person/halpin-john/
Seth Hanlon,Senior Fellow,Nonresident Senior Fellows,https://www.americanprogress.org/person/hanlon-seth/
Melanie Hart,"Senior Fellow; Director, China Policy",Nonresident Senior Fellows,https://www.americanprogress.org/person/hart-melanie/
Brian Katulis,Senior Fellow,Nonresident Senior Fellows,https://www.americanprogress.org/person/katulis-brian/
Cathleen Kelly,Senior Fellow,Nonresident Senior Fellows,https://www.americanprogress.org/person/kelly-cathleen/
Lawrence J. Korb,Senior Fellow,Nonresident Senior Fellows,https://www.americanprogress.org/person/korb-lawrence-j/
Livia Lam,"Senior Fellow; Director, Workforce Development",Nonresident Senior Fellows,https://www.americanprogress.org/person/lam-livia/
Matt Lee-Ashley,Senior Fellow,Nonresident Senior Fellows,https://www.americanprogress.org/person/lee-ashley-matt/
Jacob Leibenluft,Senior Fellow,Nonresident Senior Fellows,https://www.americanprogress.org/person/leibenluft-jacob/
David Madland,"Senior Fellow; Senior Adviser, American Worker Project",Nonresident Senior Fellows,https://www.americanprogress.org/person/madland-david/
Scott Nathan,Senior Fellow,Nonresident Senior Fellows,https://www.americanprogress.org/person/nathan-scott/
Sam Ricketts,Senior Fellow,Nonresident Senior Fellows,https://www.americanprogress.org/person/ricketts-sam/
Michael Sozan,Senior Fellow,Nonresident Senior Fellows,https://www.americanprogress.org/person/sozan-michael/
Ruy Teixeira,Senior Fellow,Nonresident Senior Fellows,https://www.americanprogress.org/person/teixeira-ruy/
Rebecca Vallas,Senior Fellow,Nonresident Senior Fellows,https://www.americanprogress.org/person/vallas-rebecca/
Alan Yu,"Senior Fellow; Director, International Climate Policy",Nonresident Senior Fellows,https://www.americanprogress.org/person/yu-alan/
Nish Acharya,Senior Fellow,Resident Fellows,https://www.americanprogress.org/person/acharya-nish/
Michael Barr,Senior Fellow,Resident Fellows,https://www.americanprogress.org/person/barr-michael/
Daniel Benaim,Senior Fellow,Resident Fellows,https://www.americanprogress.org/person/benaim-daniel/
David A. Bergeron,Senior Fellow,Resident Fellows,https://www.americanprogress.org/person/bergeron-david/
Ulrich Boser,Senior Fellow,Resident Fellows,https://www.americanprogress.org/person/boser-ulrich/
Catherine Brown,Senior Fellow,Resident Fellows,https://www.americanprogress.org/person/brown-catherine/
Cynthia G. Brown,Senior Fellow,Resident Fellows,https://www.americanprogress.org/person/brown-cynthia-g/
Matt Browne,Senior Fellow,Resident Fellows,https://www.americanprogress.org/person/browne-matt/
Aneesh Chopra,Senior Fellow,Resident Fellows,https://www.americanprogress.org/person/chopra-aneesh/
Simon Clark,Senior Fellow,Resident Fellows,https://www.americanprogress.org/person/clark-simon/
Kimberly Clausing,Senior Fellow,Resident Fellows,https://www.americanprogress.org/person/clausing-kimberly/
Alan Cohen,Senior Fellow,Resident Fellows,https://www.americanprogress.org/person/cohen-alan/
Greg Dotson,Senior Fellow,Resident Fellows,https://www.americanprogress.org/person/dotson-greg/
Zeke Emanuel,Senior Fellow,Resident Fellows,https://www.americanprogress.org/person/emanuel-zeke/
Henry Fernandez,Senior Fellow,Resident Fellows,https://www.americanprogress.org/person/fernandez-henry/
Netsy Firestein,Senior Fellow,Resident Fellows,https://www.americanprogress.org/person/firestein-netsy/
Glen S. Fukushima,Senior Fellow,Resident Fellows,https://www.americanprogress.org/person/fukushima-glen/
Sarah Jane Glynn,Senior Fellow,Resident Fellows,https://www.americanprogress.org/person/glynn-sarah-jane/
Maha Jweied,Senior Fellow,Resident Fellows,https://www.americanprogress.org/person/jweied-maha/
Frank Kendall,Senior Fellow,Resident Fellows,https://www.americanprogress.org/person/kendall-frank/
Adriana Kugler,Senior Fellow,Resident Fellows,https://www.americanprogress.org/person/kugler-adriana/
Karen A. Lash,Senior Fellow,Resident Fellows,https://www.americanprogress.org/person/lash-karen/
Alan Makovsky,Senior Fellow,Resident Fellows,https://www.americanprogress.org/person/makovsky-alan/
Elisa Massimino,Senior Fellow,Resident Fellows,https://www.americanprogress.org/person/massimino-elisa/
Taryn Morrissey,Senior Fellow,Resident Fellows,https://www.americanprogress.org/person/morrissey-taryn/
Matt Olsen,Senior Fellow,Resident Fellows,https://www.americanprogress.org/person/olsen-matt/
Steve Phillips,Senior Fellow,Resident Fellows,https://www.americanprogress.org/person/phillips-steve/
Dan Restrepo,Senior Fellow,Resident Fellows,https://www.americanprogress.org/person/restrepo-dan/
Shirley Sagawa,Senior Fellow,Resident Fellows,https://www.americanprogress.org/person/sagawa-shirley/
Vikram Singh,Senior Fellow,Resident Fellows,https://www.americanprogress.org/person/singh-vikram/
Ganesh Sitaraman,Senior Fellow,Resident Fellows,https://www.americanprogress.org/person/sitaraman-ganesh/
Trevor Sutton,Senior Fellow,Resident Fellows,https://www.americanprogress.org/person/sutton-trevor/
Vilissa Thompson,Senior Fellow,Resident Fellows,https://www.americanprogress.org/person/thompson-vilissa/
Emma Vadehra,Senior Fellow,Resident Fellows,https://www.americanprogress.org/person/vadehra-emma/
Judith Warner,Senior Fellow,Resident Fellows,https://www.americanprogress.org/person/warner-judith/
Renita J. Weems,Senior Fellow,Resident Fellows,https://www.americanprogress.org/person/weems-renita/
Christian E. Weller,Senior Fellow,Resident Fellows,https://www.americanprogress.org/person/weller-christian-e/
Michael Werz,Senior Fellow,Resident Fellows,https://www.americanprogress.org/person/werz-michael/
Tom K. Wong,Senior Fellow,Resident Fellows,https://www.americanprogress.org/person/wong-tom/
James Lamond,Fellow,Nonresident Fellows,https://www.americanprogress.org/person/lamond-james/
Asha Padmanabhan,Fellow,Nonresident Fellows,https://www.americanprogress.org/person/padmanabhan-asha/
Guthrie Graves-Fitzsimmons,Fellow,"Art, Editorial, and Video",https://www.americanprogress.org/person/graves-fitzsimmons-guthrie/
Valerie Novack,Fellow,"Art, Editorial, and Video",https://www.americanprogress.org/person/novack-valerie/
Keenan Alexander,Graphic Designer,Communications,https://www.americanprogress.org/person/alexander-keenan/
Will Beaudouin,Managing Editor,Communications,https://www.americanprogress.org/person/beaudouin-will/
Steve Bonitatibus,Editor,Communications,https://www.americanprogress.org/person/bonitatibus-steve/
Mathew Brady,Data Visualization Developer,Communications,https://www.americanprogress.org/person/brady-mat/
Carl Chancellor,"Managing Director, Editorial",Communications,https://www.americanprogress.org/person/chancellor-carl/
Rosemary Cornelius,Digital Designer,Communications,https://www.americanprogress.org/person/cornelius-rosemary/
Jasmine Hardy,Video Producer,Communications,https://www.americanprogress.org/person/hardy-jasmine/
Chester Hawkins,Senior Graphic Designer,Communications,https://www.americanprogress.org/person/hawkins-chester/
Jarvis Holliday,"Director, Editorial",Communications,https://www.americanprogress.org/person/holliday-jarvis/
Irene Koo,Associate Editor,Communications,https://www.americanprogress.org/person/koo-irene/
Meghan Miller,Editor,Communications,https://www.americanprogress.org/person/miller-meghan/
Bill Rapp,Art Director,Communications,https://www.americanprogress.org/person/rapp-bill/
Christian Rodriguez,Associate Editor,Communications,https://www.americanprogress.org/person/rodriguez-christian/
Shanée Simhoni,Assistant Managing Editor,Communications,https://www.americanprogress.org/person/simhoni-shanee/
Tricia Woodcome,Editor,Communications,https://www.americanprogress.org/person/woodcome-tricia/
Paige Armstrong,Campaign Associate,Criminal Justice,https://www.americanprogress.org/person/armstrong-paige/
Aloha Backenstose,Digital Media Associate,Criminal Justice,https://www.americanprogress.org/person/backenstose-aloha/
Julia Cusick,"Director, Media Relations",Criminal Justice,https://www.americanprogress.org/person/cusick-julia/
Morgan Finkelstein,"Associate Director, Media Relations",Criminal Justice,https://www.americanprogress.org/person/finkelstein-morgan/
Claudia Flores,Immigration Campaign Manager,Criminal Justice,https://www.americanprogress.org/person/flores-claudia/
Chris Ford,Senior Broadcast Coordinator,Criminal Justice,https://www.americanprogress.org/person/ford-chris/
Dwayne Greene,"Director, Broadcast Communications",Criminal Justice,https://www.americanprogress.org/person/greene-dwayne/
Sam Hananel,"Associate Director, Media Relations",Criminal Justice,https://www.americanprogress.org/person/hananel-sam/
Ryan Koronowski,"Director, Special Research Projects",Criminal Justice,https://www.americanprogress.org/person/koronowski-ryan/
Jesse Lee,Senior Adviser,Criminal Justice,https://www.americanprogress.org/person/lee-jesse/
Claudia Montecinos,"Associate Director, Media Relations",Criminal Justice,https://www.americanprogress.org/person/montecinos-claudia/
Shana Oshinskie,Design Associate,Criminal Justice,https://www.americanprogress.org/person/oshinskie-shana/
Adam Peck,Senior Media Coordinator,Criminal Justice,https://www.americanprogress.org/person/peck-adam/
Hai-Lam Phan,Senior Video Producer,Criminal Justice,https://www.americanprogress.org/person/phan-hai/
Will Ragland,Research Director,Criminal Justice,https://www.americanprogress.org/person/ragland-will/
Zahir Rasheed,Research Assistant,Criminal Justice,https://www.americanprogress.org/person/rasheed-zahir/
Ricardo Rauseo,Constituency Media Associate,Criminal Justice,https://www.americanprogress.org/person/rauseo-ricardo/
Lauren Santa Cruz,"Director, Digital Creative",Criminal Justice,https://www.americanprogress.org/person/santa-cruz-lauren/
Colin Seeberger,"Director, Media Relations",Criminal Justice,https://www.americanprogress.org/person/seeberger-colin/
Vernessa Shih,Story Bank Director,Criminal Justice,https://www.americanprogress.org/person/shih-vernessa/
Marina Sullivan,Email Manager,Criminal Justice,https://www.americanprogress.org/person/sullivan-marina/
Giselle Tervalon,Story Bank Manager,Criminal Justice,https://www.americanprogress.org/person/tervalon-giselle/
Alejandro Verdin,Campaign Manager,Criminal Justice,https://www.americanprogress.org/person/verdin-alejandro/
Sage Warner,Story Bank Campaign Associate,Criminal Justice,https://www.americanprogress.org/person/warner-sage/
Alex Witt,Audience Development Director,Criminal Justice,https://www.americanprogress.org/person/witt-alex/
Akua Amaning,Associate Director,Democracy and Government,https://www.americanprogress.org/person/amaning-akua/
Sarah Figgatt,Research Assistant,Democracy and Government,https://www.americanprogress.org/person/figgatt-sarah/
Kenny Lo,Research Associate,Democracy and Government,https://www.americanprogress.org/person/lo-kenny/
Betsy Pearl,Associate Director,Democracy and Government,https://www.americanprogress.org/person/pearl-betsy/
Hauwa Ahmed,Research Associate,Development,https://www.americanprogress.org/person/ahmed-huawa/
Maggie Jo Buchanan,"Director, Legal Progress",Development,https://www.americanprogress.org/person/buchanan-maggie-jo/
William Roberts,Managing Director,Development,https://www.americanprogress.org/person/roberts-william/
Danielle Root,"Associate Director, Voting Rights and Access to Justice",Development,https://www.americanprogress.org/person/root-danielle/
Alex Tausanovitch,"Director, Campaign Finance and Electoral Reform",Development,https://www.americanprogress.org/person/tausanovitch-alex/
Stephanie Wylie,Senior Policy Analyst,Development,https://www.americanprogress.org/person/wylie-stephanie/
Stephanie Bailey,"Associate Director, Foundation Relations",Digital Strategy,https://www.americanprogress.org/person/bailey-stephanie/
David Bing,"Director, Development Operations",Digital Strategy,https://www.americanprogress.org/person/bing-david/
Edward Connors,Direct Appeal Manager,Digital Strategy,https://www.americanprogress.org/person/connors-edward/
Ryan Fleury,Director,Digital Strategy,https://www.americanprogress.org/person/fleury-ryan/
Zack Knowles,"Associate Director, Foundation Relations",Digital Strategy,https://www.americanprogress.org/person/knowles-zack/
Stefan Romberg,"Managing Director, Foundation Relations",Digital Strategy,https://www.americanprogress.org/person/romberg-stefan/
Jon Roux,Corporate and Major Gifts Officer,Digital Strategy,https://www.americanprogress.org/person/roux-jon/
Amy Serafino,"Senior Director, Development",Digital Strategy,https://www.americanprogress.org/person/serafino-amy/
Tiffany Tesmer,Development Operations Coordinator,Digital Strategy,https://www.americanprogress.org/person/tesmer-tiffany/
Jaime Vázquez,Foundations Relations Coordinator,Digital Strategy,https://www.americanprogress.org/person/vazquez-jaime/
Carson Bear,Email Marketing Associate,Early Childhood,https://www.americanprogress.org/person/bear-carson/
Elena Berger,"Director, Email Marketing and Audience Relations",Early Childhood,https://www.americanprogress.org/person/berger-elena/
J.R. Boynton,Outreach Systems and Analytics Manager,Early Childhood,https://www.americanprogress.org/person/boynton-jr/
Taku Burutsa,Salesforce Administrator,Early Childhood,https://www.americanprogress.org/person/burutsa-taku/
Genna Cifelli,Social Media Associate,Early Childhood,https://www.americanprogress.org/person/cifelli-genna/
Lisa DeCow,"Associate Director, Email Marketing",Early Childhood,https://www.americanprogress.org/person/decow-lisa/
Shar Ghavami,"Senior Director, Technology Development",Early Childhood,https://www.americanprogress.org/person/ghavami-shar/
Matt Grant,Lead Application Developer,Early Childhood,https://www.americanprogress.org/person/grant-matt/
Darian Madere,Applications Developer,Early Childhood,https://www.americanprogress.org/person/madere-darian/
Kiera Manser,Digital Fundraising Associate,Early Childhood,https://www.americanprogress.org/person/manser-kiera/
Rafiatou Ouro-Aguy,Digital Analytics Specialist,Early Childhood,https://www.americanprogress.org/person/ouro-aguy-rafiatou/
Ben Podnar,Senior Email Marketing Manager,Early Childhood,https://www.americanprogress.org/person/podnar-ben/
Rebecca Rosenberg,Social Media Director,Early Childhood,https://www.americanprogress.org/person/rosenberg-rebecca/
Elyse Wallnutt,"Director, Digital Strategy",Early Childhood,https://www.americanprogress.org/person/wallnutt-elyse/
MK Falgout,Research Assistant,Economy,https://www.americanprogress.org/person/falgout-mk/
Rasheed Malik,Senior Policy Analyst,Economy,https://www.americanprogress.org/person/malik-rasheed/
Darya Nicol,Advocacy Associate,Economy,https://www.americanprogress.org/person/nicol-darya/
Simon Workman,Director,Economy,https://www.americanprogress.org/person/workman-simon/
Olugbenga Ajilore,Senior Economist,"Education, K-12",https://www.americanprogress.org/person/ajilore-olugbenga/
Kevin DeGood,"Director, Infrastructure Policy","Education, K-12",https://www.americanprogress.org/person/degood-kevin/
Gregg Gelzinis,Senior Policy Analyst,"Education, K-12",https://www.americanprogress.org/person/gelzinis-gregg/
Andy Green,Managing Director,"Education, K-12",https://www.americanprogress.org/person/green-andy/
Galen Hendricks,Research Assistant,"Education, K-12",https://www.americanprogress.org/person/hendricks-galen/
Marc Jarsulic,Chief Economist,"Education, K-12",https://www.americanprogress.org/person/jarsulic-marc/
Michael Madowitz,Economist,"Education, K-12",https://www.americanprogress.org/person/madowitz-michael/
Lily Roberts,"Director, Economic Mobility","Education, K-12",https://www.americanprogress.org/person/roberts-lily/
Alexandra Thornton,"Senior Director, Tax Policy","Education, K-12",https://www.americanprogress.org/person/thornton-alexandra/
Divya Vijay,Special Assistant,"Education, K-12",https://www.americanprogress.org/person/vijay-divya/
Malkie Wall,Research Associate,"Education, K-12",https://www.americanprogress.org/person/wall-malkie/
Karla Walter,"Senior Director, Employment Policy","Education, K-12",https://www.americanprogress.org/person/walter-karla/
Zoe Willingham,Research Associate,"Education, K-12",https://www.americanprogress.org/person/willingham-zoe/
Ryan Zamarripa,Associate Director,"Education, K-12",https://www.americanprogress.org/person/zamarripa-ryan/
Michela Zonta,"Senior Policy Analyst, Housing Policy","Education, K-12",https://www.americanprogress.org/person/zonta-michela/
Meg Benner,Senior Consultant,"Education, Postsecondary",https://www.americanprogress.org/person/benner-meg/
Neil Campbell,"Director, Innovation","Education, Postsecondary",https://www.americanprogress.org/person/campbell-neil/
Roby Chatterji,Senior Policy Analyst,"Education, Postsecondary",https://www.americanprogress.org/person/chatterji-roby/
Megan Ferren,Special Assistant,"Education, Postsecondary",https://www.americanprogress.org/person/ferren-megan/
Bayliss Fiddiman,Senior Policy Analyst,"Education, Postsecondary",https://www.americanprogress.org/person/fiddiman-bayliss/
Khalilah M. Harris,Managing Director,"Education, Postsecondary",https://www.americanprogress.org/person/harris-khalilah/
Ashley Jeffrey,Policy Analyst,"Education, Postsecondary",https://www.americanprogress.org/person/jeffrey-ashley/
Laura Jimenez,"Director, Standards and Accountability","Education, Postsecondary",https://www.americanprogress.org/person/jimenez-laura/
Jamil Modaffari,Research Assistant,"Education, Postsecondary",https://www.americanprogress.org/person/modaffari-jamil/
Lisette Partelow,"Senior Director, K-12 Strategic Initiatives","Education, Postsecondary",https://www.americanprogress.org/person/partelow-lisette/
Abby Quirk,Research Associate,"Education, Postsecondary",https://www.americanprogress.org/person/quirk-abby/
Jessica Yin,Research Assistant,"Education, Postsecondary",https://www.americanprogress.org/person/yin-jessica/
Viviann Anguiano,"Associate Director, Postsecondary Education",Energy and Environment,https://www.americanprogress.org/person/anguiano-viviann/
Marshall Anthony Jr.,Senior Policy Analyst,Energy and Environment,https://www.americanprogress.org/person/anthony-marshall/
Marcella Bombardieri,Associate Director,Energy and Environment,https://www.americanprogress.org/person/bombardieri-marcella/
Bradley D. Custer,Senior Policy Analyst,Energy and Environment,https://www.americanprogress.org/person/custer-bradley/
Antoinette Flores,"Director, Postsecondary Education",Energy and Environment,https://www.americanprogress.org/person/flores-antoinette/
Marissa Navarro,Special Assistant,Energy and Environment,https://www.americanprogress.org/person/navarro-marissa/
Victoria Yuen,Policy Analyst,Energy and Environment,https://www.americanprogress.org/person/yuen-victoria/
Bidisha Bhattacharyya,"Deputy Director, Climate and Energy Policy",Events,https://www.americanprogress.org/person/bhattacharyya-bidisha/
Alexandra Carter,"Policy Analyst, Ocean Policy",Events,https://www.americanprogress.org/person/carter-alexandra/
Rita Cliffton,Research Associate,Events,https://www.americanprogress.org/person/cliffton-rita/
Margaret Cooney,"Campaign Manager, Ocean Policy",Events,https://www.americanprogress.org/person/cooney-margaret/
Sahir Doshi,Research Assistant,Events,https://www.americanprogress.org/person/doshi-sahir/
Ari Drennen,Press Secretary,Events,https://www.americanprogress.org/person/drennen-ari/
Nicole Gentile,"Deputy Director, Public Lands",Events,https://www.americanprogress.org/person/gentile-nicole/
Miriam Goldstein,"Managing Director; Director, Ocean Policy",Events,https://www.americanprogress.org/person/goldstein-miriam/
Elise Gout,Research Associate,Events,https://www.americanprogress.org/person/gout-elise/
Sally Hardin,Interim Director,Events,https://www.americanprogress.org/person/hardin-sally/
Trevor Higgins,"Director, Domestic Climate and Energy",Events,https://www.americanprogress.org/person/higgins-trevor/
Kate Kelly,"Director, Public Lands",Events,https://www.americanprogress.org/person/kelly-kate/
Bianca Majumder,Research Associate,Events,https://www.americanprogress.org/person/majumder-bianca/
Hannah Malus,Campaign Manager,Events,https://www.americanprogress.org/person/malus-hannah/
Mikyla Reta,Research Associate,Events,https://www.americanprogress.org/person/reta-mikyla/
Ryan Richards,"Senior Policy Analyst, Public Lands",Events,https://www.americanprogress.org/person/richards-ryan/
Jenny Rowland-Shea,"Senior Policy Analyst, Public Lands",Events,https://www.americanprogress.org/person/rowland-shea-jenny/
Katherine So,Special Assistant,Events,https://www.americanprogress.org/person/so-katherine/
Diane Bui,Special Events Coordinator,Executive Office,https://www.americanprogress.org/person/bui-diane/
William Flanagan,"Director, Special Events",Executive Office,https://www.americanprogress.org/person/flanagan-william/
Adam Parker,Special Events Manager,Executive Office,https://www.americanprogress.org/person/parker-adam/
Constance Torian,"Associate Director, Outreach and Special Events",Executive Office,https://www.americanprogress.org/person/torian-constance/
Hailey Becker,Executive Policy Associate,External Affairs,https://www.americanprogress.org/person/becker-hailey/
Lanre Faderin,Executive Assistant and Scheduler to the President,External Affairs,https://www.americanprogress.org/person/faderin-lanre/
Ben Hatt,Speechwriter,External Affairs,https://www.americanprogress.org/person/hatt-ben/
Maddie Lubeck,Executive Assistant,External Affairs,https://www.americanprogress.org/person/lubeck-maddie/
Jenna Sjogren,Special Assistant,External Affairs,https://www.americanprogress.org/person/sjogren-jenna/
Morgan Spivey,Executive Assistant,External Affairs,https://www.americanprogress.org/person/spivey-morgan/
Zina Barrow,External Affairs Associate,Finance,https://www.americanprogress.org/person/barrow-zina/
Enrique Fernández-Toledo,In Memoriam,Finance,https://www.americanprogress.org/person/fernandez-toledo-enrique/
Deborah Alston,Accounts Payable Manager,Generation Progress,https://www.americanprogress.org/person/alston-deborah/
Gracie Bee,Senior Accountant,Generation Progress,https://www.americanprogress.org/person/bee-gracie/
Elisa Collins,"Director, Budget Planning and Forecasting",Generation Progress,https://www.americanprogress.org/person/collins-elisa/
Kathy Emerick,Assistant Controller    ,Generation Progress,https://www.americanprogress.org/person/emerick-kathy/
Mildred Hardin,Budget Analyst,Generation Progress,https://www.americanprogress.org/person/hardin-mildred/
Jose Solis,Budget Analyst,Generation Progress,https://www.americanprogress.org/person/solis-jose/
Adam Stromme,Administrative Coordinator,Generation Progress,https://www.americanprogress.org/person/stromme-adam/
Ella Azoulay,Program Coordinator,Government Affairs,https://www.americanprogress.org/person/azoulay-ella/
Hassen Bashir,Advocacy Associate,Government Affairs,https://www.americanprogress.org/person/bashir-hassen/
Charlotte Hancock,"Director, Communications and Digital Strategy",Government Affairs,https://www.americanprogress.org/person/hancock-charlotte/
Emily Leach,Senior Press Associate,Government Affairs,https://www.americanprogress.org/person/leach-emily/
Lotanna Obodozie,Advocacy Associate,Government Affairs,https://www.americanprogress.org/person/obodozie-lotanna/
Edwith Theogene,Director of Advocacy,Government Affairs,https://www.americanprogress.org/person/theogene-edwith/
Shayna Cherry,"Director, State and Local Government Affairs",Gun Violence Prevention,https://www.americanprogress.org/person/cherry-shayna/
Ryan Collins,"Director, Government Affairs",Gun Violence Prevention,https://www.americanprogress.org/person/collins-ryan/
Lola Oduyeru,"Manager, State and Local Government Affairs",Gun Violence Prevention,https://www.americanprogress.org/person/oduyeru-lola/
Lia Parada,"Director, Government Affairs",Gun Violence Prevention,https://www.americanprogress.org/person/parada-lia/
Jerry Parshall,"Interim Director, State and Local Government Affairs",Gun Violence Prevention,https://www.americanprogress.org/person/parshall-jerry/
Brent Woolfork,"Director, Government Affairs",Gun Violence Prevention,https://www.americanprogress.org/person/woolfork-brent/
Rukmani Bhatia,Senior Policy Analyst,Health,https://www.americanprogress.org/person/bhatia-rukmani/
Allison Jordan,Special Assistant,Health,https://www.americanprogress.org/person/jordan-allison/
Eugenio Weigend Vargas,Associate Director,Health,https://www.americanprogress.org/person/weigend-vargas-eugenio/
Maura Calsyn,"Managing Director, Health Policy",Human Resources,https://www.americanprogress.org/person/calsyn-maura/
Emily Gee,Health Economist,Human Resources,https://www.americanprogress.org/person/gee-emily/
Nicole Rapfogel,Research Assistant,Human Resources,https://www.americanprogress.org/person/rapfogel-nicole/
Thomas Waldrop,Policy Analyst,Human Resources,https://www.americanprogress.org/person/waldrop-thomas/
Stephanie Abram,Compensation and Benefits Manager,Immigration,https://www.americanprogress.org/person/abram-stephanie/
Rebecca Basena Kampi,In Memoriam ,Immigration,https://www.americanprogress.org/person/basena-kampi-rebecca/
Anchita Bhatnagar,Human Resources Information Systems Specialist,Immigration,https://www.americanprogress.org/person/bhatnagar-anchita/
Natasha Dennis,Recruitment and Internship Manager,Immigration,https://www.americanprogress.org/person/dennis-natasha/
Amelia Hickel,Human Resources Assistant,Immigration,https://www.americanprogress.org/person/hickel-amelia/
Cheron McNeal,"Managing Director, Diversity, Equity, and Inclusion",Immigration,https://www.americanprogress.org/person/mcneal-cheron/
Belinda Randolph,Training and Onboarding Manager,Immigration,https://www.americanprogress.org/person/randolph-belinda/
Sofia Carratala,Special Assistant,LGBTQ Rights,https://www.americanprogress.org/person/carratala-sofia/
Jessica Cobian,"Senior Campaign Manager, Anti-Hate and Immigration",LGBTQ Rights,https://www.americanprogress.org/person/cobian-jessica/
Silva Mathema,"Associate Director, Policy",LGBTQ Rights,https://www.americanprogress.org/person/mathema-silva/
Nicole Prchal Svajlenka,"Associate Director, Research",LGBTQ Rights,https://www.americanprogress.org/person/svajlenka-nicole/
Philip E. Wolgin,"Managing Director, Immigration Policy",LGBTQ Rights,https://www.americanprogress.org/person/wolgin-philip-e/
Andrew Cray,In Memoriam,Legal,https://www.americanprogress.org/person/cray-andrew/
Sharita Gruberg,Senior Director,Legal,https://www.americanprogress.org/person/gruberg-sharita/
Lindsay Mahowald,Research Assistant,Legal,https://www.americanprogress.org/person/mahowald-lindsay/
Theo Santos,Special Assistant,Legal,https://www.americanprogress.org/person/santos-theo/
Leelabeth Cronkhite,Senior Legal Assistant,National Security and International Policy,https://www.americanprogress.org/person/cronkhite-leela/
Anne Dechter,Vice President and Deputy General Counsel,National Security and International Policy,https://www.americanprogress.org/person/dechter-anne/
Gypsy Moore,Legal Counsel,National Security and International Policy,https://www.americanprogress.org/person/moore-gypsy/
Grace Oyenubi,Legal Assistant,National Security and International Policy,https://www.americanprogress.org/person/oyenubi-grace/
Samantha Wolk,Senior Legal Assistant,National Security and International Policy,https://www.americanprogress.org/person/wolk-samantha/
Siena Cicarelli,Research Assistant,Office Services,https://www.americanprogress.org/person/cicarelli-siena/
Laura Edwards,China Program Coordinator,Office Services,https://www.americanprogress.org/person/edwards-laura/
Max Hoffman,"Associate Director, National Security and International Policy",Office Services,https://www.americanprogress.org/person/hoffman-max/
Peter Juul,Senior Policy Analyst,Office Services,https://www.americanprogress.org/person/juul-peter/
Carolyn Kenney,"Senior Policy Analyst, Sustainable Security and Peacebuilding Initiative",Office Services,https://www.americanprogress.org/person/kenney-carolyn/
Haneul Lee,Research Assistant,Office Services,https://www.americanprogress.org/person/lee-haneul/
Jordan Link,"Policy Analyst, China",Office Services,https://www.americanprogress.org/person/link-jordan/
Joel Martinez,"Policy Analyst, Mexico",Office Services,https://www.americanprogress.org/person/martinez-joel/
Katrina Mulligan,Managing Director,Office Services,https://www.americanprogress.org/person/mulligan-katrina/
Alexandra Schmitt,Policy Analyst,Office Services,https://www.americanprogress.org/person/schmitt-alexandra/
Kaveh Toofan,Special Assistant,Office Services,https://www.americanprogress.org/person/toofan-kaveh/
Taylor Claiborne,Receptionist,Poverty,https://www.americanprogress.org/person/claiborne-taylor/
Charlotte Corneliusen,Office Administrator,Poverty,https://www.americanprogress.org/person/corneliusen-charlotte/
Howard Frazier,Facilities Coordinator,Poverty,https://www.americanprogress.org/person/frazier-howard/
SheriAnn Stromann,"Director, Operations",Poverty,https://www.americanprogress.org/person/stromann-sheriann/
Azza Altiraifi,"Research and Advocacy Manager, Disability Justice Initiative",Race and Ethnicity,https://www.americanprogress.org/person/altiraifi-azza/
David Ballard,Field Advocacy and Outreach Manager,Race and Ethnicity,https://www.americanprogress.org/person/ballard-david/
Rebecca Cokley,"Director, Disability Justice Initiative",Race and Ethnicity,https://www.americanprogress.org/person/cokley-rebecca/
Rejane Frederick,"Associate Director, Poverty to Prosperity Program",Race and Ethnicity,https://www.americanprogress.org/person/frederick-rejane/
Areeba Haider,Research Assistant,Race and Ethnicity,https://www.americanprogress.org/person/haider-areeba/
Jaboa Lake,"Senior Policy Analyst, Poverty to Prosperity Program",Race and Ethnicity,https://www.americanprogress.org/person/lake-jaboa/
Mara Pellittieri,"Editor-In-Chief, TalkPoverty",Race and Ethnicity,https://www.americanprogress.org/person/pellittieri-mara/
Justin Schweitzer,"Policy Analyst, Poverty to Prosperity Program",Race and Ethnicity,https://www.americanprogress.org/person/schweitzer-justin/
Christine Sloane,"Director, Anti-Poverty Advocacy",Race and Ethnicity,https://www.americanprogress.org/person/sloane-christine/
s.e. smith,"Deputy Editor, TalkPoverty",Race and Ethnicity,https://www.americanprogress.org/person/smith-se/
Taryn Williams,"Managing Director, Poverty to Prosperity Program",Race and Ethnicity,https://www.americanprogress.org/person/williams-taryn/
Richard Figueroa,Research Assistant,Religion and Values,https://www.americanprogress.org/person/figueroa-richard/
Maggie Siddiqi,Director,Technology,https://www.americanprogress.org/person/siddiqi-maggie/
Christopher Bachmann,UNIX Systems Administrator,Technology Policy,https://www.americanprogress.org/person/bachmann-christopher/
Craig Chambers,"Director, Technology and Security",Technology Policy,https://www.americanprogress.org/person/chambers-craig/
Demetrick DeVille,Desktop Support Technician,Technology Policy,https://www.americanprogress.org/person/deville-demetrick/
Bret Gaulin, Data Warehouse/BI Analyst,Technology Policy,https://www.americanprogress.org/person/gaulin-bret/
Paula Hubble,Enterprise Applications Support Technician,Technology Policy,https://www.americanprogress.org/person/hubble-paula/
Rhonda Malone,"Senior Director, Enterprise Applications and Procurement",Technology Policy,https://www.americanprogress.org/person/malone-rhonda/
Khalif Milton,Desktop Support Technician,Technology Policy,https://www.americanprogress.org/person/milton-khalif/
Adeleke Ogunbela,Windows System Administrator,Technology Policy,https://www.americanprogress.org/person/ogunbela-adeleke/
Alex Pryor,A/V and Systems Engineer,Technology Policy,https://www.americanprogress.org/person/pryor-alex/
Walter Rodriguez,Desktop Support Lead Technician,Technology Policy,https://www.americanprogress.org/person/rodriguez-walter/
Aaron Williams,Information Technology Manager,Technology Policy,https://www.americanprogress.org/person/williams-aaron/
Erin Simpson,Associate Director,Women's Initiative,https://www.americanprogress.org/person/simpson-erin/
